sequence,scheme,repetition,duty_position,duty_percent,payload_bits,boundary_source,manifest_clock_correction_s,autonomous_acquisition_evaluated,start_offset_s,narrow_sync_correlation_at_frozen_boundary,sync_bit_errors,raw_body_bit_errors,raw_body_bits_denominator,raw_symbol_errors,raw_symbols_denominator,decoder_failure,corrected_symbol_count,decoded_payload_bit_errors_conditional_on_decode,decoded_payload_bits_evaluated,frame_error,decoded_payload_bits,exploratory_gmd,exploratory_gmd_decoder_failure,exploratory_gmd_payload_bit_errors_conditional_on_decode,exploratory_gmd_frame_error,exploratory_gmd_wrong_codeword_miscorrection,exploratory_gmd_erasure_count,exploratory_gmd_selected_erasures,exploratory_gmd_candidate_count,exploratory_gmd_margin,off_rms_normalized_diagnostic,normalized_sync_bit_errors,normalized_raw_body_bit_errors,normalized_decoder_failure,normalized_payload_bit_errors_conditional_on_decode,normalized_frame_error,physical_inband_active_power_x,physical_inband_off_power_x,physical_inband_snr_db_x,physical_inband_active_power_y,physical_inband_off_power_y,physical_inband_snr_db_y,physical_inband_snr_db_pooled,physical_positive_inband_power_estimate,physical_wide_0_10hz_off_power_x,physical_wide_0_10hz_off_power_y,physical_carrier_vs_0_10hz_off_noise_snr_db_pooled,adc_full_scale_assumed,clipped_x_percent,clipped_y_percent,clipped_any_percent,manifest_duration_s,expected_duration_s,duration_error_s,start_interval_s,start_interval_error_s,target_pulse_us,pulse_count,late_starts,pulse_median_us,pulse_p95_us
1,rs18_6,1,1,100.000000000,001110011010001100001001111101,manifest_timestamps_frozen_first_raw_coherent_sync_correction,-0.075000000,0,135.749999978,0.602674232,0,4,90,4,18,0,4,0,30,0,001110011010001100001001111101,1,0,0,0,0,0,,2,627.317362407,1,0,6,0,0,0,0.405694076,0.427484466,,2.603510121,0.342063135,8.202801403,4.639459455,1,7.721247679,112.938158991,-17.313797516,4095,0.000000000,0.000000000,0.000000000,53.001389000,53.000000000,0.001389000,,,62500.000000000,0,0,,
2,rs18_6,1,2,50.000000000,001110011010001100001001111101,manifest_timestamps_frozen_first_raw_coherent_sync_correction,-0.075000000,0,203.754999967,0.489597436,2,12,90,9,18,1,0,,0,1,,1,0,10,1,1,12,"10,0,11,6,8,15,2,4,13,1,14,17",1,,1,1,14,1,,1,0.384618672,0.167851972,1.110661197,1.522007258,0.393591331,4.574236827,3.794753441,1,14.663214355,134.195686337,-20.439935576,4095,0.000000000,0.000000000,0.000000000,53.001104000,53.000000000,0.001104000,68.008243084,0.008243084,31250.000000000,424,0,31757.435000000,31777.346000000
3,rs18_6,1,3,45.000000000,001110011010001100001001111101,manifest_timestamps_frozen_first_raw_coherent_sync_correction,-0.075000000,0,271.764999956,0.423860748,3,16,90,11,18,1,0,,0,1,,1,0,6,1,1,12,"7,14,1,5,16,9,4,15,11,12,6,10",1,,1,2,16,1,,1,0.400132275,0.530353913,,1.388520787,0.292381368,5.739161025,0.696800395,1,15.964137327,150.973007584,-22.376128207,4095,0.000000000,0.000000000,0.000000000,53.001186000,53.000000000,0.001186000,68.007972002,0.007972002,28125.000000000,424,0,28756.574000000,28776.840000000
4,rs18_6,1,4,40.000000000,001110011010001100001001111101,manifest_timestamps_frozen_first_raw_coherent_sync_correction,-0.075000000,0,339.769999946,0.390183711,4,24,90,14,18,1,0,,0,1,,1,0,10,1,1,12,"15,13,11,7,17,14,6,4,3,12,1,8",1,,1,4,15,1,,1,0.521370907,0.455302009,-8.383025074,1.149867537,0.385614045,2.970845876,-0.055058956,1,14.394620782,151.777913017,-23.013124935,4095,0.000000000,0.000000000,0.000000000,53.001187000,53.000000000,0.001187000,68.007996798,0.007996798,25000.000000000,424,0,25756.584000000,25775.782000000
5,rs18_6,1,5,35.000000000,001110011010001100001001111101,manifest_timestamps_frozen_first_raw_coherent_sync_correction,-0.075000000,0,407.779999935,0.473663274,2,21,90,13,18,1,0,,0,1,,1,0,8,1,1,12,"10,6,17,3,14,0,9,7,4,8,12,15",1,,1,3,21,1,,1,0.345133843,0.468481879,,1.011170413,0.290947439,3.936524327,-1.046040150,1,13.763838164,103.915169159,-22.948156521,4095,0.000000000,0.000000000,0.000000000,53.001191000,53.000000000,0.001191000,68.008000135,0.008000135,21875.000000000,424,0,22753.222000000,22776.316000000
6,rs18_6,1,6,30.000000000,001110011010001100001001111101,manifest_timestamps_frozen_first_raw_coherent_sync_correction,-0.075000000,0,475.789999924,0.428364034,2,31,90,16,18,1,0,,0,1,,1,0,11,1,1,12,"9,16,17,3,11,2,8,1,7,13,5,6",1,,1,1,33,1,,1,0.439535839,0.468176088,,0.717697778,0.272123361,2.141544221,-2.493399382,1,16.825619559,109.984031186,-24.830848184,4095,0.000000000,0.000000000,0.000000000,53.001189000,53.000000000,0.001189000,68.007999897,0.007999897,18750.000000000,424,0,19659.509000000,19757.121000000
7,rs18_6,1,7,25.000000000,001110011010001100001001111101,manifest_timestamps_frozen_first_raw_coherent_sync_correction,-0.075000000,0,543.794999913,0.340429556,4,34,90,17,18,1,0,,0,1,,1,0,7,1,1,12,"10,17,13,12,16,0,2,14,3,8,6,15",1,,1,3,34,1,,1,0.317732544,0.253417727,-5.955259583,0.589653717,0.521271474,-8.821206155,-7.662662027,1,15.861019701,92.012130610,-29.100520625,4095,0.000000000,0.000000000,0.000000000,53.001202000,53.000000000,0.001202000,68.009000063,0.009000063,15625.000000000,424,0,15758.389000000,15782.495000000
8,rs18_6,1,8,10.000000000,001110011010001100001001111101,manifest_timestamps_frozen_first_raw_coherent_sync_correction,-0.075000000,0,611.804999902,0.247414317,4,41,90,17,18,1,0,,0,1,,1,0,16,1,1,12,"15,13,7,0,3,9,16,12,1,4,17,11",1,,1,7,37,1,,1,0.323603827,0.407716951,,0.517190987,0.254659931,0.132200673,-5.696666659,1,18.417662196,146.292934574,-29.652830401,4095,0.000000000,0.000000000,0.000000000,53.001177000,53.000000000,0.001177000,68.008001089,0.008001089,6250.000000000,424,0,6756.361000000,6773.655000000
9,rs18_6,1,9,1.000000000,001110011010001100001001111101,manifest_timestamps_frozen_first_raw_coherent_sync_correction,-0.075000000,0,679.824999891,0.099171132,7,49,90,18,18,1,0,,0,1,,1,0,16,1,1,12,"8,4,15,14,11,3,6,17,16,10,1,5",2,4.097244939,1,6,45,1,,1,0.302418476,0.285795382,-12.353433411,0.377810548,0.376598910,-24.925062044,-15.698499910,1,20.047440599,107.961045387,-38.559721708,4095,0.000000000,0.000000000,0.000000000,53.001264000,53.000000000,0.001264000,68.018999815,0.018999815,625.000000000,424,212,758.018000000,779.237000000
10,rs18_6,2,1,45.000000000,001111110011110100101001011110,manifest_timestamps_frozen_first_raw_coherent_sync_correction,-0.075000000,0,747.834999880,0.540991724,1,18,90,12,18,1,0,,0,1,,1,0,13,1,1,12,"12,17,1,15,0,8,4,14,2,9,6,10",1,,1,2,17,1,,1,0.332223162,0.489757961,,1.334871570,0.447812709,2.968560243,-1.089643916,1,18.529471808,106.880274672,-22.352916689,4095,0.000000000,0.000000000,0.000000000,53.001191000,53.000000000,0.001191000,68.008999109,0.008999109,28125.000000000,424,0,28757.824000000,28776.486000000
11,rs18_6,2,2,40.000000000,001111110011110100101001011110,manifest_timestamps_frozen_first_raw_coherent_sync_correction,-0.075000000,0,815.839999869,0.310429071,2,16,90,11,18,1,0,,0,1,,1,0,15,1,1,12,"9,0,2,7,3,1,6,14,4,12,8,10",2,7.840542436,1,3,19,1,,1,0.325412813,0.570171822,,1.222690626,0.355800043,3.867582890,-1.727155481,1,19.748205333,113.076274238,-23.293958799,4095,0.000000000,0.000000000,0.000000000,53.001225000,53.000000000,0.001225000,68.008004904,0.008004904,25000.000000000,424,0,25756.880000000,25776.686000000
12,rs18_6,2,3,35.000000000,001111110011110100101001011110,manifest_timestamps_frozen_first_raw_coherent_sync_correction,-0.075000000,0,883.849999859,0.434218128,1,22,90,14,18,1,0,,0,1,,1,0,10,1,1,12,"11,17,1,5,0,14,9,12,2,3,8,10",1,,1,3,26,1,,1,0.353920258,0.358874993,,0.928600395,0.385222011,1.493912638,-1.405054284,1,24.008569150,84.513946365,-23.043957246,4095,0.000000000,0.000000000,0.000000000,53.001183000,53.000000000,0.001183000,68.007996082,0.007996082,21875.000000000,424,0,22756.166000000,22775.606000000
13,rs18_6,2,4,30.000000000,001111110011110100101001011110,manifest_timestamps_frozen_first_raw_coherent_sync_correction,-0.075000000,0,951.859999848,0.340455180,2,43,90,18,18,1,0,,0,1,,1,0,15,1,1,4,"0,4,12,1",2,93.928677015,1,4,43,1,,1,0.399547740,0.389374034,-15.828878090,0.765054624,0.259911802,2.885881855,-1.003618572,1,19.818880446,80.748767147,-22.903842197,4095,0.000000000,0.000000000,0.000000000,53.001212000,53.000000000,0.001212000,68.008999109,0.008999109,18750.000000000,424,0,19664.176000000,19757.386000000
14,rs18_6,2,5,25.000000000,001111110011110100101001011110,manifest_timestamps_frozen_first_raw_coherent_sync_correction,-0.075000000,0,1019.864999837,0.278278313,4,22,90,13,18,1,0,,0,1,,1,0,10,1,1,10,"17,6,5,4,0,7,3,14,12,15",2,56.283552133,1,4,19,1,,1,0.411478230,0.184938006,0.881191525,0.695910101,0.409128772,-1.543091492,-0.634457673,1,13.519859409,116.323763592,-24.030311260,4095,0.000000000,0.000000000,0.000000000,53.001192000,53.000000000,0.001192000,68.008000851,0.008000851,15625.000000000,424,0,15748.453000000,15777.100000000
15,rs18_6,2,6,10.000000000,001111110011110100101001011110,manifest_timestamps_frozen_first_raw_coherent_sync_correction,-0.075000000,0,1087.874999826,0.148404255,5,44,90,17,18,1,0,,0,1,,1,0,15,1,1,10,"13,17,6,8,5,14,11,15,12,16",1,,1,7,55,1,,1,0.305394506,0.350396680,,0.514031157,0.465239278,-9.793288269,-23.328910276,1,28.218033692,118.165056562,-45.868855748,4095,0.000000000,0.000000000,0.000000000,53.001181000,53.000000000,0.001181000,68.008001089,0.008001089,6250.000000000,424,0,6757.611000000,6773.899000000
16,rs18_6,2,7,1.000000000,001111110011110100101001011110,manifest_timestamps_frozen_first_raw_coherent_sync_correction,-0.075000000,0,1155.879999815,0.059929452,7,53,90,17,18,1,0,,0,1,,1,0,18,1,1,12,"2,7,4,10,17,8,16,3,9,15,1,13",1,,1,8,41,1,,1,0.305876410,0.261503114,-7.703551807,0.398847464,0.392886128,-18.189230865,-11.139692561,1,23.071729618,154.768435286,-35.481629576,4095,0.000000000,0.000000000,0.000000000,53.001187000,53.000000000,0.001187000,68.007997990,0.007997990,625.000000000,424,212,756.611000000,777.001000000
17,rs18_6,2,8,100.000000000,001111110011110100101001011110,manifest_timestamps_frozen_first_raw_coherent_sync_correction,-0.075000000,0,1223.889999804,0.716636776,0,4,90,4,18,0,4,0,30,0,001111110011110100101001011110,1,0,0,0,0,0,,1,,1,0,5,0,0,0,0.529299591,0.459725128,-8.200483839,2.558011861,0.285041457,9.016857518,4.976677343,1,21.809318975,116.794687961,-17.720878679,4095,0.000000000,0.000000000,0.000000000,53.001229000,53.000000000,0.001229000,68.007999897,0.007999897,62500.000000000,0,0,,
18,rs18_6,2,9,50.000000000,001111110011110100101001011110,manifest_timestamps_frozen_first_raw_coherent_sync_correction,-0.075000000,0,1291.899999793,0.477106161,3,23,90,13,18,1,0,,0,1,,1,0,11,1,1,12,"4,17,5,8,9,7,2,1,0,14,11,3",1,,1,3,24,1,,1,0.376283226,0.371340526,-18.758080783,1.225236266,0.322421715,4.471742655,1.167590671,1,22.444756903,134.845263640,-22.387314427,4095,0.000000000,0.000000000,0.000000000,53.001153000,53.000000000,0.001153000,68.008004189,0.008004189,31250.000000000,424,0,31757.750000000,31781.448000000
19,rs18_6,3,1,35.000000000,100001000001010001101010001010,manifest_timestamps_frozen_first_raw_coherent_sync_correction,-0.075000000,0,1359.904999782,0.381014119,1,25,90,15,18,1,0,,0,1,,1,0,12,1,1,12,"3,8,4,15,14,13,2,6,9,0,5,17",2,45.467332476,1,1,20,1,,1,0.378870090,0.323283923,-7.646173755,0.916323927,0.559084755,-1.945185765,-3.298837368,1,29.845325868,132.588443032,-25.949099746,4095,0.000000000,0.000000000,0.000000000,53.001192000,53.000000000,0.001192000,68.008996964,0.008996964,21875.000000000,424,0,22756.584000000,22775.653000000
20,rs18_6,3,2,30.000000000,100001000001010001101010001010,manifest_timestamps_frozen_first_raw_coherent_sync_correction,-0.075000000,0,1427.914999771,0.424856132,5,36,90,17,18,1,0,,0,1,,1,0,14,1,1,12,"17,3,14,4,9,2,1,10,12,6,5,7",1,,1,4,21,1,,1,0.293174011,0.391120180,,0.826189319,0.337667296,1.603951467,-2.708955089,1,160.938632141,4599.334132584,-40.859264470,4095,0.000000000,0.000000000,0.000000000,53.001247000,53.000000000,0.001247000,68.008996964,0.008996964,18750.000000000,424,0,19670.102000000,19758.671000000
21,rs18_6,3,3,25.000000000,100001000001010001101010001010,manifest_timestamps_frozen_first_raw_coherent_sync_correction,-0.075000000,0,1495.924999761,0.400900316,4,31,90,15,18,1,0,,0,1,,1,0,10,1,1,8,"5,14,2,15,3,12,16,7",2,27.989072836,1,5,31,1,,1,0.337895372,0.245483393,-4.242938496,0.709636087,0.249743031,2.651634729,0.473751915,1,28.770847102,84.136495987,-23.105431861,4095,0.000000000,0.000000000,0.000000000,53.001197000,53.000000000,0.001197000,68.009001970,0.009001970,15625.000000000,424,0,15756.333000000,15783.198000000
22,rs18_6,3,4,10.000000000,100001000001010001101010001010,manifest_timestamps_frozen_first_raw_coherent_sync_correction,-0.075000000,0,1563.934999750,0.227740810,3,42,90,18,18,1,0,,0,1,,1,0,19,1,1,10,"17,5,13,2,16,14,12,6,11,4",1,,1,4,36,1,,1,0.294543931,0.276307395,-11.804501799,0.409949227,0.398755034,-15.517133983,-13.605429339,1,25.889610321,94.095218770,-36.103253332,4095,0.000000000,0.000000000,0.000000000,53.001199000,53.000000000,0.001199000,68.008002996,0.008002996,6250.000000000,424,0,6761.010000000,6778.758000000
23,rs18_6,3,5,1.000000000,100001000001010001101010001010,manifest_timestamps_frozen_first_raw_coherent_sync_correction,-0.075000000,0,1631.939999739,0.069041183,3,35,90,15,18,1,0,,0,1,,1,0,13,1,1,12,"14,11,16,3,13,7,2,4,0,5,10,9",1,,1,3,43,1,,1,0.246923364,0.338726049,,0.361239199,0.328872702,-10.069321262,,0,27.041485425,146.383352138,,4095,0.000000000,0.000000000,0.000000000,53.001225000,53.000000000,0.001225000,68.007997036,0.007997036,625.000000000,424,213,760.546000000,1235.787000000
24,rs18_6,3,6,100.000000000,100001000001010001101010001010,manifest_timestamps_frozen_first_raw_coherent_sync_correction,-0.075000000,0,1699.949999728,0.635243808,1,8,90,7,18,1,0,,0,1,,1,0,0,0,0,4,"2,12,6,13",3,461.564686274,1,1,6,0,0,0,0.424874222,0.300279309,-3.820250956,2.176976256,0.434105917,6.036693732,4.053285982,1,22.565440459,84.233202656,-17.573132054,4095,0.000000000,0.000000000,0.000000000,53.001190000,53.000000000,0.001190000,68.007999897,0.007999897,62500.000000000,0,0,,
25,rs18_6,3,7,50.000000000,100001000001010001101010001010,manifest_timestamps_frozen_first_raw_coherent_sync_correction,-0.075000000,0,1767.954999717,0.375431150,1,20,90,13,18,1,0,,0,1,,1,0,10,1,1,12,"12,6,16,8,13,4,17,7,9,14,10,3",1,,1,1,21,1,,1,0.302417824,0.207471328,-3.394791451,1.473813459,0.355947762,4.970033622,3.329619960,1,32.259292542,145.594890954,-21.662705309,4095,0.000000000,0.000000000,0.000000000,53.001187000,53.000000000,0.001187000,68.008002996,0.008002996,31250.000000000,424,0,31757.055000000,31779.747000000
26,rs18_6,3,8,45.000000000,100001000001010001101010001010,manifest_timestamps_frozen_first_raw_coherent_sync_correction,-0.075000000,0,1835.964999706,0.491767425,3,35,90,17,18,1,0,,0,1,,1,0,16,1,1,12,"3,16,8,6,11,15,9,14,2,13,1,4",1,,1,4,31,1,,1,0.344488587,0.566219805,,1.403943084,0.323716269,5.233504270,-0.156207397,1,28.665911177,118.174608532,-22.331078410,4095,0.000000000,0.000000000,0.000000000,53.001217000,53.000000000,0.001217000,68.008998156,0.008998156,28125.000000000,424,0,28746.982000000,28777.221000000
27,rs18_6,3,9,40.000000000,100001000001010001101010001010,manifest_timestamps_frozen_first_raw_coherent_sync_correction,-0.075000000,0,1903.974999695,0.417091677,7,37,90,18,18,1,0,,0,1,,1,0,13,1,1,12,"10,9,12,16,6,1,14,4,13,7,15,17",1,,1,6,22,1,,1,0.339524236,0.229655374,-3.202019833,1.135946777,0.222907471,6.123648493,3.541577510,1,135.143423171,3520.293009949,-35.531025895,4095,0.000000000,0.000000000,0.000000000,53.001178000,53.000000000,0.001178000,68.009002924,0.009002924,25000.000000000,424,0,25755.786000000,25776.039000000
28,rs18_6,4,1,25.000000000,111001000111101100010011100010,manifest_timestamps_frozen_first_raw_coherent_sync_correction,-0.075000000,0,1971.989999684,0.345254869,3,43,90,17,18,1,0,,0,1,,1,0,14,1,1,12,"6,5,14,8,13,7,9,3,0,10,17,4",1,,1,4,30,1,,1,0.272276949,0.307806700,,0.886266083,0.271358959,3.552653587,0.001587271,1,33.627078732,131.397003634,-24.545857964,4095,0.000000000,0.000000000,0.000000000,53.001222000,53.000000000,0.001222000,68.014997959,0.014997959,15625.000000000,424,0,15756.473000000,15776.102000000
29,rs18_6,4,2,10.000000000,111001000111101100010011100010,manifest_timestamps_frozen_first_raw_coherent_sync_correction,-0.075000000,0,2039.999999673,0.111376232,3,35,90,17,18,1,0,,0,1,,1,0,13,1,1,12,"13,4,3,1,12,11,16,6,2,10,17,9",1,,1,4,32,1,,1,0.366577550,0.398187652,,0.505745406,0.376312796,-4.635052761,-8.985828792,1,32.887554027,145.499909615,-32.609255365,4095,0.000000000,0.000000000,0.000000000,53.001203000,53.000000000,0.001203000,68.008001089,0.008001089,6250.000000000,424,0,6759.157000000,6777.201000000
30,rs18_6,4,3,1.000000000,111001000111101100010011100010,manifest_timestamps_frozen_first_raw_coherent_sync_correction,-0.075000000,0,2108.004999663,0.038695414,3,49,90,18,18,1,0,,0,1,,1,0,17,1,1,12,"9,5,13,4,3,15,12,16,1,6,7,10",1,,1,4,46,1,,1,0.302892996,0.196237469,-2.647985663,0.332708779,0.474104668,,,0,28.197145398,93.791136894,,4095,0.000000000,0.000000000,0.000000000,53.001248000,53.000000000,0.001248000,68.007994890,0.007994890,625.000000000,424,213,758.241000000,776.299000000
31,rs18_6,4,4,100.000000000,111001000111101100010011100010,manifest_timestamps_frozen_first_raw_coherent_sync_correction,-0.075000000,0,2176.014999652,0.611905878,0,7,90,6,18,0,6,0,30,0,111001000111101100010011100010,1,0,0,0,0,0,,1,,1,0,6,0,0,0,0.217752503,0.403196351,,2.294422779,0.463268075,5.968926640,2.786027972,1,24.795395228,163.655856155,-20.588454917,4095,0.000000000,0.000000000,0.000000000,53.001212000,53.000000000,0.001212000,68.008002043,0.008002043,62500.000000000,0,0,,
32,rs18_6,4,5,50.000000000,111001000111101100010011100010,manifest_timestamps_frozen_first_raw_coherent_sync_correction,-0.075000000,0,2244.024999641,0.427470014,0,27,90,16,18,1,0,,0,1,,1,0,10,1,1,12,"5,12,14,15,0,13,9,16,6,11,1,17",1,,1,0,25,1,,1,0.281117208,0.278986330,-21.170244662,1.325233341,0.252211374,6.288439441,3.062140182,1,27.538401738,121.950673627,-21.431392475,4095,0.000000000,0.000000000,0.000000000,53.001169000,53.000000000,0.001169000,68.009000063,0.009000063,31250.000000000,424,0,31758.343000000,31780.968000000
33,rs18_6,4,6,45.000000000,111001000111101100010011100010,manifest_timestamps_frozen_first_raw_coherent_sync_correction,-0.075000000,0,2312.029999630,0.438803600,2,19,90,12,18,1,0,,0,1,,1,0,9,1,1,12,"14,10,16,6,2,11,4,12,13,17,7,0",1,,1,2,18,1,,1,0.332842200,0.239340801,-4.081986276,1.289357762,0.610862930,0.456027727,-0.419078262,1,27.088484365,105.433399610,-22.346724211,4095,0.000000000,0.000000000,0.000000000,53.001233000,53.000000000,0.001233000,68.009001017,0.009001017,28125.000000000,424,0,28756.565000000,28776.613000000
34,rs18_6,4,7,40.000000000,111001000111101100010011100010,manifest_timestamps_frozen_first_raw_coherent_sync_correction,-0.075000000,0,2380.039999619,0.544752445,2,31,90,17,18,1,0,,0,1,,1,0,16,1,1,10,"1,3,13,17,5,7,4,15,9,0",2,3.227995604,1,4,30,1,,1,0.348579106,0.392951949,,1.117691325,0.241014384,5.607966200,1.182158368,1,36.247782109,121.763884026,-22.784071201,4095,0.000000000,0.000000000,0.000000000,53.001196000,53.000000000,0.001196000,68.007998943,0.007998943,25000.000000000,424,0,25753.444000000,25774.827000000
35,rs18_6,4,8,35.000000000,111001000111101100010011100010,manifest_timestamps_frozen_first_raw_coherent_sync_correction,-0.075000000,0,2448.049999608,0.476657989,5,29,90,16,18,1,0,,0,1,,1,0,14,1,1,12,"0,8,15,14,17,11,16,3,5,6,10,4",1,,1,5,29,1,,1,0.297334504,0.214031490,-4.098169634,0.953267515,0.325220880,2.858134716,1.202910578,1,26.973886864,96.378471499,-22.390643362,4095,0.000000000,0.000000000,0.000000000,53.001253000,53.000000000,0.001253000,68.008002043,0.008002043,21875.000000000,424,0,22759.564000000,22776.203000000
36,rs18_6,4,9,30.000000000,111001000111101100010011100010,manifest_timestamps_frozen_first_raw_coherent_sync_correction,-0.075000000,0,2516.054999597,0.341884280,2,26,90,15,18,1,0,,0,1,,1,0,11,1,1,12,"17,1,5,7,6,10,0,12,8,3,11,9",1,,1,4,31,1,,1,0.303655006,0.208211546,-3.387586341,0.794403146,0.304442513,2.066558894,0.576313548,1,31.788384152,67.302353889,-22.285773083,4095,0.000000000,0.000000000,0.000000000,53.001213000,53.000000000,0.001213000,68.007997036,0.007997036,18750.000000000,424,0,19664.055000000,19758.510000000
37,rs18_6,5,1,1.000000000,100110101110100100011000100010,manifest_timestamps_frozen_first_raw_coherent_sync_correction,-0.075000000,0,2584.064999586,0.270834290,2,42,90,18,18,1,0,,0,1,,1,0,12,1,1,8,"17,16,12,1,15,6,10,14",3,11.512592564,1,5,45,1,,1,0.293003270,0.256808837,-8.509681839,0.413419845,0.358021663,-8.104138006,-8.268949488,1,28.954121867,141.769175934,-32.704323361,4095,0.000000000,0.000000000,0.000000000,53.001279000,53.000000000,0.001279000,68.008001804,0.008001804,625.000000000,424,212,758.296000000,776.918000000
38,rs18_6,5,2,100.000000000,100110101110100100011000100010,manifest_timestamps_frozen_first_raw_coherent_sync_correction,-0.075000000,0,2652.074999575,0.579391141,2,4,90,4,18,0,4,0,30,0,100110101110100100011000100010,1,0,0,0,0,0,,2,339.068420166,1,2,4,0,0,0,0.354847497,0.420162133,,2.302058626,0.344772095,7.541222990,3.932905861,1,27.275194591,127.080121212,-19.116069100,4095,0.000000000,0.000000000,0.000000000,53.001221000,53.000000000,0.001221000,68.009999990,0.009999990,62500.000000000,0,0,,
39,rs18_6,5,3,50.000000000,100110101110100100011000100010,manifest_timestamps_frozen_first_raw_coherent_sync_correction,-0.075000000,0,2720.084999565,0.434541129,4,19,90,11,18,1,0,,0,1,,1,0,13,1,1,12,"14,10,1,13,6,2,16,3,4,12,0,15",1,,1,3,20,1,,1,0.319557950,0.391516499,,1.344381749,0.276557771,5.867138018,1.733759105,1,28.261800085,137.605831641,-22.215609874,4095,0.000000000,0.000000000,0.000000000,53.001167000,53.000000000,0.001167000,68.009999990,0.009999990,31250.000000000,424,0,31752.398000000,31775.906000000
40,rs18_6,5,4,45.000000000,100110101110100100011000100010,manifest_timestamps_frozen_first_raw_coherent_sync_correction,-0.075000000,0,2788.099999554,0.457674235,3,22,90,14,18,1,0,,0,1,,1,0,8,1,1,12,"13,2,12,8,10,11,16,4,7,6,17,14",1,,1,3,21,1,,1,0.363633034,0.374015496,,1.476598807,0.278407827,6.338446056,2.602169579,1,32.761721746,157.381418125,-22.043342258,4095,0.000000000,0.000000000,0.000000000,53.001238000,53.000000000,0.001238000,68.018001080,0.018001080,28125.000000000,424,0,28757.731000000,28777.068000000
41,rs18_6,5,5,40.000000000,100110101110100100011000100010,manifest_timestamps_frozen_first_raw_coherent_sync_correction,-0.075000000,0,2856.109999543,0.449165636,2,21,90,12,18,1,0,,0,1,,1,0,17,1,1,12,"15,7,14,1,0,10,3,2,12,16,4,5",1,,1,3,19,1,,1,0.317699404,0.323298857,,1.319390257,0.226422130,6.836886264,2.962345006,1,28.837416001,109.024069347,-21.030661356,4095,0.000000000,0.000000000,0.000000000,53.001193000,53.000000000,0.001193000,68.007997990,0.007997990,25000.000000000,424,0,25755.157000000,25775.728000000
42,rs18_6,5,6,35.000000000,100110101110100100011000100010,manifest_timestamps_frozen_first_raw_coherent_sync_correction,-0.075000000,0,2924.119999532,0.442743590,5,50,90,18,18,1,0,,0,1,,1,0,16,1,1,12,"7,12,8,2,15,17,9,10,11,16,5,3",1,,1,8,33,1,,1,0.290891468,0.319079523,,1.003082360,0.452719204,0.848204341,-1.696878997,1,31.944292659,113.444630839,-24.447151625,4095,0.000000000,0.000000000,0.000000000,53.001185000,53.000000000,0.001185000,68.008002996,0.008002996,21875.000000000,424,0,22755.834000000,22776.868000000
43,rs18_6,5,7,30.000000000,100110101110100100011000100010,manifest_timestamps_frozen_first_raw_coherent_sync_correction,-0.075000000,0,2992.124999521,0.286662500,4,32,90,17,18,1,0,,0,1,,1,0,13,1,1,12,"11,17,15,4,16,0,8,1,12,10,6,2",1,,1,4,30,1,,1,0.307034794,0.218224655,-3.904412653,0.846995104,0.453532244,-0.617044244,-1.439191875,1,38.939728364,113.242248462,-24.990702733,4095,0.000000000,0.000000000,0.000000000,53.001246000,53.000000000,0.001246000,68.008006096,0.008006096,18750.000000000,424,0,19662.546000000,19758.772000000
44,rs18_6,5,8,25.000000000,100110101110100100011000100010,manifest_timestamps_frozen_first_raw_coherent_sync_correction,-0.075000000,0,3060.134999510,0.437141170,3,41,90,18,18,1,0,,0,1,,1,0,19,1,1,12,"16,13,17,0,4,12,7,6,10,3,5,11",1,,1,3,41,1,,1,0.282159726,0.210017494,-4.640658983,0.751693646,0.233030953,3.474714000,1.249928884,1,34.351028694,143.070708885,-24.775627212,4095,0.000000000,0.000000000,0.000000000,53.001197000,53.000000000,0.001197000,68.007993937,0.007993937,15625.000000000,424,0,15759.343000000,15783.091000000
45,rs18_6,5,9,10.000000000,100110101110100100011000100010,manifest_timestamps_frozen_first_raw_coherent_sync_correction,-0.075000000,0,3128.144999499,0.132754473,4,34,90,16,18,1,0,,0,1,,1,0,11,1,1,12,"11,6,0,12,5,9,10,7,1,16,4,13",2,1.722168258,1,5,37,1,,1,0.429674217,0.257876413,-1.763940098,0.479856577,0.207262525,1.189955911,-0.198166041,1,33.764073647,65.774032623,-23.502232814,4095,0.000000000,0.000000000,0.000000000,53.001242000,53.000000000,0.001242000,68.010999918,0.010999918,6250.000000000,424,0,6754.714000000,6775.933000000
