role,sequence,repetition,duty_percent,section,frame_bit_index,body_bit_index,target_bit,position,symbol_index,bit_in_symbol,x_first_i,x_first_q,x_second_i,x_second_q,x_first_abs,x_second_abs,x_delta_i,x_delta_q,x_delta_abs,x_aligned_i,x_aligned_q,x_sync_abs,y_first_i,y_first_q,y_second_i,y_second_q,y_first_abs,y_second_abs,y_delta_i,y_delta_q,y_delta_abs,y_aligned_i,y_aligned_q,y_sync_abs,pooled_aligned_i,pooled_aligned_q,baseline_llr,baseline_bit,sensor_y_llr,sensor_y_abs_llr,sensor_y_bit
historical,24,3,100.0,body,40,24,0,body_24,4,4,-0.026105665502992585,0.07143898450028856,-0.18338684228483035,0.12771360579520624,0.0760594128151579,0.22347594731517434,0.15728117678183776,-0.056274621294917684,0.167045507487529,-0.3066306347287716,-1.376968804984418,0.11841347379305521,-0.762376604007817,-0.846736746784751,-2.152966349542599,3.672899826799226,1.1393775514262667,4.257400291253404,1.390589745534782,-4.519636573583977,4.728726530226124,-0.9707443450392376,0.034786845225609306,4.868113058086618,-1.2773749797680092,-1.3421819597588087,-14.309763416767973,0,-12.319677036483112,12.319677036483112,0
historical,1,1,100.0,body,20,4,1,body_04,0,4,0.04752297619498236,0.2254537011983227,-0.02598207575560164,-0.09110778589360015,0.23040790926192495,0.09474015469168239,0.073505051950584,0.31656148709192283,0.3249833346067267,2.724604451399682,-0.6120482878673253,0.1163770798616715,-1.7122180685467985,3.9839339596344696,0.5464128177758881,-1.4824335891276545,4.33629110058203,1.5799292115799637,-2.2586308863226865,5.466367548762124,5.914607988599957,1.119711160500797,0.3751846794505517,5.008574259241557,3.8443156119004787,-0.23686360841677367,21.24481341853549,1,19.652476064136543,19.652476064136543,1
historical,24,3,100.0,body,72,56,1,body_56,11,1,0.1055621743171045,0.07750940861789718,-0.041767890731776024,-0.10460904204661174,0.13096213601973247,0.1126392843287428,0.14733006504888052,0.18211845066450894,0.23425046027649238,1.6805793233085213,-1.0435961767003412,0.11841347379305521,-1.207941967681697,4.207535217077024,1.0475111076795147,-2.3762692387810733,4.37749659054466,2.5969087423105854,-2.2554530753612116,6.583804455858097,6.9594216489686325,1.429580298220068,-0.006089244316145908,4.868113058086618,3.1101596215285894,-1.0496854210164872,20.638117849778332,1,18.142745473401224,18.142745473401224,1
historical,17,2,100.0,body,28,12,1,body_12,2,2,0.042260933507375927,0.15959034320468382,-0.1444791506109714,-0.15721957354525237,0.16509107833285122,0.21352334595312705,0.18674008411834733,0.3168099167499362,0.36775043489794673,4.735904233416185,-1.4046514334200413,0.07444610076954251,-2.776308375038556,4.057547326439585,-1.3170871899139727,-2.912263999680692,4.916459956066586,3.196247842341339,-1.4592211851245833,6.969811326120277,7.120926652397909,1.8909046589349203,-0.1135670670736276,3.759109744056122,6.6268088923511055,-1.5182185004936688,21.112751255338583,1,19.663528339266517,19.663528339266517,1
historical,1,1,100.0,body,61,45,0,body_45,9,0,0.030223041103404003,0.1274691979313232,0.1726426787515301,-0.009291017465819361,0.13100316269003925,0.17289250282199684,-0.1424196376481261,0.13676021539714256,0.19745052469744506,1.16632312148562,1.232190208101113,0.1163770798616715,-0.049453647966546284,0.3617739924951031,-0.9332581091643041,2.215235924562018,0.36513844626805053,2.4037971835808176,0.8838044611977578,-1.8534619320669148,2.053395105490972,-0.3812689520950739,-0.15071258952365787,5.008574259241557,0.7850541693905462,1.081477618577455,-4.310958539431695,0,-6.691796259042052,6.691796259042052,0
historical,17,2,100.0,body,36,20,1,body_20,4,0,-0.1813883083530334,0.062199018960410996,-0.08193045717915981,0.016596789187214234,0.1917561899048182,0.08359457652809164,-0.0994578511738736,0.045602229773196765,0.10941401884773186,0.2712433977443782,1.4444612107116992,0.07444610076954251,-0.8382309897617888,3.2616877128889743,0.31683077488051115,-0.975265827594856,3.367675448823407,1.0254390154395652,-1.1550617646423,4.23695354048383,4.391576366677124,1.1682490159443562,-0.00025831809255148514,3.759109744056122,1.4394924136887344,1.4442028926191477,11.92077060471067,1,12.148628183761161,12.148628183761161,1
historical,1,1,100.0,body,105,89,1,body_89,17,4,-0.0038172581842657372,0.2278274890867815,-0.09577187226508901,0.003148635314222429,0.2278594659952333,0.09582361619925692,0.09195461408082328,0.22467885377255906,0.24276786933880712,1.9362388602792608,-0.7762502092932019,0.1163770798616715,0.07091747784129397,4.832984085045394,-0.09573892851187625,-1.005736059596138,4.833504365878387,1.0102826159073353,0.16665640635317022,5.838720144641531,5.841098123231742,1.160732723227361,-0.11299559830740312,5.008574259241557,3.0969715835066216,-0.889245807600605,21.632876605391285,1,20.372461099595778,20.372461099595778,1
historical,24,3,100.0,body,101,85,0,body_85,17,0,-0.08729096310377489,-0.06896710952891605,-0.0297755445736316,-0.034926029006377896,0.11124825588007253,0.04589564856073692,-0.05751541853014329,-0.03404108052253815,0.06683426166151218,-0.34556392130575764,0.44626126203136357,0.11841347379305521,-0.43306217715069373,-1.0160223817667244,-1.454204919280403,1.1542392041069935,1.104465630759702,1.8566044510225836,1.0211427421297092,-2.170261585873718,2.398492829033118,-0.4899563246309548,-0.05187225651990328,4.868113058086618,-0.8355202459367124,0.3943890055114603,-6.517950182515142,0,-6.218015806408503,6.218015806408503,0
historical,1,1,100.0,body,70,54,1,body_54,10,4,0.000902374598369886,0.10389400612822172,-0.08876407169027418,0.014551696196812437,0.10389792485553673,0.08994894265771256,0.08966644628864408,0.08934230993140929,0.12657851292345904,0.7732135271827875,-0.7649455663950685,0.1163770798616715,-0.9042602072874143,3.0940324943042916,-1.7015792761211053,-2.5090074175315933,3.2234645334320513,3.0315821371279683,0.797319068833691,5.603039911835885,5.659485307972069,1.1051683034864292,-0.2353957321646031,5.008574259241557,1.8783818306692166,-1.0003412985596716,19.77620826929807,1,19.397228854444357,19.397228854444357,1
historical,24,3,100.0,body,37,21,0,body_21,4,1,-0.12270333360669618,0.034087240179839974,-0.10847323985013135,0.13980903659025284,0.127350100201273,0.17695482608812563,-0.014230093756564824,-0.10572179641041288,0.10667517895258209,-0.9008313016015327,0.008379873621992969,0.11841347379305521,0.8119293577362058,-0.9669700704893707,-1.6396486312602383,3.146343156606383,1.2626402493094169,3.547946292310157,2.451577988996444,-4.1133132270957535,4.788484138047523,-0.9634099250382644,-0.19848018785048924,4.868113058086618,-1.864241226639797,-0.19010031422849627,-13.906836181498408,0,-12.22659621028653,12.22659621028653,0
historical,1,1,100.0,body,48,32,0,body_32,6,2,0.15801203555308405,-0.051777684462852976,0.07119600191154245,-0.01858806141887793,0.16627907862375188,0.07358251637108053,0.0868160336415416,-0.03318962304397505,0.0929439335032171,-0.2798224499276957,-0.7480191783522196,0.1163770798616715,-0.5623825553721425,1.6987234513865328,0.6822457870058828,3.0494133099202534,1.7893952897214955,3.1248009294363173,-1.2446283423780253,-1.3506898585337206,1.83669888784104,-0.2520322555050816,0.26637688147923516,5.008574259241557,-0.5318547054327774,-0.4816422968729845,-5.79901421358396,0,-4.423513887714292,4.423513887714292,0
historical,24,3,100.0,body,30,14,0,body_14,2,4,0.13419271572974292,0.06350541878934167,0.03500112699818547,-0.07017067038151094,0.14846084726463493,0.07841557162282096,0.09919158873155745,0.1336760891708526,0.16645800699006394,1.2241709801209817,-0.691011800572507,0.11841347379305521,-1.0291576964561195,1.0002181473467888,-0.08402468108392952,2.0659105502592285,1.4351313202828195,2.067618569442547,-0.94513301537219,-1.0656924029124397,1.42442153675512,-0.1430911283231671,0.25522752628517803,4.868113058086618,1.0810798517978146,-0.43578427428732897,-0.3851400259469835,0,-1.8159636950098625,1.8159636950098625,0
historical,17,2,100.0,body,57,41,1,body_41,8,1,-0.25240410022087545,0.15638769581737397,-0.08793293309557268,0.10946735395477968,0.2969258176908455,0.14041119009769656,-0.16447116712530277,0.04692034186259429,0.17103298891167748,0.07720482991233117,2.2961093361737035,0.07444610076954251,-0.14579030184831115,0.5391563993266386,0.19214069781554177,1.8428244276669141,0.5585198609251845,1.8528140540709779,-0.3379309996638529,-1.3036680283402755,1.346754501997462,-0.31090805704617236,0.17801524625165505,3.759109744056122,-0.23370322713384117,2.4741245824253584,-3.4557116826130323,0,-3.233134659511202,3.233134659511202,0
historical,24,3,100.0,body,90,74,1,body_74,14,4,0.11168626399920137,-0.05327022821228157,0.08747355020521287,-0.028042795686708963,0.1237398027309235,0.09185869787576133,0.024212713793988497,-0.025227432525572607,0.03496682515044681,-0.18600630338251561,-0.22934773855232618,0.11841347379305521,-0.01441195716883708,-0.33473489581596455,0.11217442074970405,1.151728511829088,0.3350450044193482,1.1571783205844195,-0.12658637791854113,-1.4864634076450527,1.491843682609635,-0.27991050416451435,0.12475185794202931,4.868113058086618,-0.46591680754702997,-0.10459588061029687,-4.2620301388716175,0,-3.552332834126987,3.552332834126987,0
historical,1,1,100.0,body,60,44,0,body_44,8,4,0.0980516364640675,-0.06305882918778757,0.13170515583030584,0.16735739057444973,0.11657846864587054,0.21296653317405076,-0.03365351936623834,-0.2304162197622373,0.23286088914897973,-1.9819375086171382,0.27494172692545477,0.1163770798616715,-0.27001144952219974,-0.817727853760764,-0.2592540826615952,2.129173684909415,0.8611533113733377,2.144899358918139,-0.010757366860604523,-2.946901538670179,2.946921172946172,-0.5868441724822936,0.0424188834599326,5.008574259241557,-2.568781681099432,0.3173606103853874,-11.916168181249912,0,-10.299925069897593,10.299925069897593,0
historical,24,3,100.0,body,65,49,0,body_49,9,4,-0.017713079433785524,0.09857426549094142,-0.02296353883388037,0.07684740457071475,0.100153077836411,0.08020503540944447,0.005250459400094845,0.021726860920226673,0.02235226631370782,0.18756877426084662,-0.021213461714796177,0.11841347379305521,-1.951111527620906,-0.8541381944804562,-1.7691268187256062,2.365811475464812,2.1298798671487362,2.9541282365826933,-0.18198470889529972,-3.219949669945268,3.2250882641026037,-0.6125529429738257,0.25233939507630304,4.868113058086618,-0.42498416871297906,0.23112593336150686,-7.776986323742874,0,-7.77388450805733,7.77388450805733,0
historical,24,3,100.0,body,38,22,1,body_22,4,2,-0.0479015929037065,0.08569620686927479,0.025107203553340382,-0.14057885270320392,0.09817536592493029,0.14280331052751533,-0.07300879645704689,0.2262750595724787,0.237761828190808,1.8195413830167326,0.8490651905265311,0.11841347379305521,-3.0799168668279284,2.956343958304145,2.6424416405536135,-0.08610591828198329,4.269175272388401,2.643844180903038,-5.722358507381542,3.042449876586128,6.480886369821712,0.9760650167733829,0.9053391480588254,4.868113058086618,2.7956063997901155,1.7544043385853565,15.917756946971027,1,12.387201465254488,12.387201465254488,1
historical,17,2,100.0,body,43,27,1,body_27,5,2,0.005743770272417026,0.055405067148191656,-0.02056384801780312,-0.026712459530807378,0.05570199603818455,0.033710937979895,0.026307618290220144,0.08211752667899903,0.08622864354714183,1.155766874939474,-0.0760988140467454,0.07444610076954251,1.4483262109764454,4.1154504022472,-1.484051292909555,0.6486412461286281,4.362863833167158,1.6196122085751952,2.9323775038860003,3.466809156118572,4.540661135808778,0.6843780914792295,-0.9953240219777336,3.759109744056122,1.8401449664187035,-1.071422836024479,7.284578709554341,1,7.1168516788969,7.1168516788969,1
historical,1,1,100.0,body,21,5,0,body_05,1,0,-0.008494388956993646,-0.034511099347461424,-0.06288885446737555,0.10782934717395995,0.0355411117147881,0.12482858698303496,0.054394465510381906,-0.14234044652142136,0.15237965938430806,-1.2197066766898834,-0.4761753563034633,0.1163770798616715,-0.35657519195056203,3.3578473416461763,-1.571226805619201,0.9850156958735927,3.376726911865227,1.8544566848038422,1.214651613668639,2.3728316457725835,2.6656534961933174,0.45604164278609327,-0.27437573745318616,5.008574259241557,-0.7636650339037901,-0.7505510937566495,6.842898375751364,1,8.004160166711875,8.004160166711875,1
historical,24,3,100.0,body,97,81,1,body_81,16,1,-0.06874263692098044,-0.011188474947796637,-0.028262221110722376,0.06284174100604967,0.06964719737726147,0.06890455394807216,-0.04048041581025806,-0.0740302159538463,0.08437497815314983,-0.6627945468936614,0.2615805057514858,0.11841347379305521,-3.2551988642770735,3.566494015763883,-0.2018200433072762,-1.451991118577212,4.828685039477139,1.4659500463206971,-3.0533788209697974,5.018485134341095,5.874377862203747,1.1796166652221562,0.25424834520545836,4.868113058086618,0.5168221183284949,0.5158288509569442,13.957931990302297,1,14.970467164351884,14.970467164351884,1
historical,17,2,100.0,body,19,3,1,body_03,0,3,-0.01568592321599272,0.10050247107233022,0.10500327263098093,0.13980232678153284,0.10171919621577134,0.1748438670264033,-0.12068919584697366,-0.03929985570920262,0.12692659553046126,-0.9043246059039742,1.4453506503681837,0.07444610076954251,1.315839439229161,0.04557049193232149,-0.8453921679996884,-1.289374783170987,1.3166283072932417,1.541809083250077,2.1612316072288493,1.3349452751033084,2.540275762118287,0.19125875174098608,-0.6481348412108638,3.759109744056122,-0.7130658541629882,0.7972158091573198,1.4110762564712196,1,1.9889008508287027,1.9889008508287027,1
historical,1,1,100.0,body,32,16,0,body_16,3,1,0.022983141385722893,0.15870884041986089,0.01457476734825147,0.17425435975674736,0.1603643377293499,0.17486281976878215,0.008408374037471423,-0.01554551933688647,0.017673820339913344,-0.13305624031024835,-0.07320912883822471,0.1163770798616715,-0.9003325795321602,0.7062435456354581,-0.8118618422565391,2.9018305735132026,1.1442808656613885,3.0132607468136814,-0.08847073727562105,-2.1955870278777443,2.197368760208245,-0.43612824537268957,0.04763012726807623,5.008574259241557,-0.5691844856829379,-0.02557900157014848,-8.003325608884225,0,-7.654652561690304,7.654652561690304,0
historical,24,3,100.0,body,39,23,0,body_23,4,3,-0.057807658886898525,0.0212548405233376,0.039915420168634724,0.045508475287497276,0.06159134412932171,0.06053314868922153,-0.09772307905553325,-0.024253634764159676,0.10068782935075746,-0.30571171984892964,0.7934498590501636,0.11841347379305521,-1.9853531624243819,1.1300360421472004,-1.3847897429670808,1.937242757767823,2.2844274197488095,2.38129211453587,-0.6005634194573011,-0.8072067156206226,1.0061108798404272,-0.1161571157646576,0.17094308354920293,4.868113058086618,-0.42186883561358723,0.9643929425993666,-1.521246577126445,0,-1.4741452360993348,1.4741452360993348,0
historical,17,2,100.0,body,42,26,1,body_26,5,1,0.04838623019948965,-0.1513544305540783,-0.06269819090642681,0.0029378032248672747,0.15890056929182889,0.06276698041746777,0.11108442110591646,-0.15429223377894558,0.1901205986129156,-1.6501062048729667,-1.9491162103631623,0.07444610076954251,-0.7793021802419661,2.8714500886821765,-1.4399642474050809,-1.2884404594665742,2.975321411196236,1.9322463226502251,0.6606620671631148,4.15989054814875,4.212026084862908,1.0213259797905578,-0.4608469162245357,3.759109744056122,-0.6287802250824088,-2.409963126587698,10.195722062844162,1,10.620774692338395,10.620774692338395,1
historical,24,3,100.0,body,22,6,0,body_06,1,1,-0.09347904513465723,0.08222115937613181,-0.03559874453937099,0.05635110816240845,0.12449357786023563,0.06665371710498111,-0.05788030059528624,0.025870051213723357,0.06339864940833805,0.15608638104204883,0.5121434220502193,0.11841347379305521,-0.8273321249935959,-1.6500007531856657,-0.3593743578503447,3.1928910563570203,1.845800891363877,3.2130520112262415,-0.46795776714325116,-4.842891809542686,4.865448134629053,-0.9082038881458541,0.41721834643212774,4.868113058086618,-0.7521175071038052,0.9293617684823471,-11.31989326704441,0,-11.52597863939441,11.52597863939441,0
historical,24,3,100.0,body,96,80,1,body_80,16,0,-0.05205536980108489,-0.09307690715670298,-0.06629984357135771,-0.030321067918846097,0.1066446068537233,0.07290429628853008,0.014244473770272818,-0.06275583923785688,0.06435215918242158,-0.5109333394081057,-0.18517100383334334,0.11841347379305521,-1.9868379063973163,1.5059504565039623,2.285141755416549,1.2997285712141993,2.49307273133813,2.6289098883717434,-4.271979661813866,0.20622188528976304,4.276954254714887,0.327949790589544,0.8150617011352917,4.868113058086618,-0.18298354881856171,0.6298906973019485,2.3920639684328155,1,4.16199746606007,4.16199746606007,1
historical,24,3,100.0,body,87,71,1,body_71,14,1,0.0540198496157591,0.0018717156164642723,0.018204800330397706,-0.00022470999491035825,0.05405226611214506,0.018206187125575223,0.03581504928536139,0.0020964256113746305,0.03587635371183773,0.05512398417943805,-0.2979183749485114,0.11841347379305521,-3.292185603461341,3.4304024837542397,-0.2478007973421515,-3.9417218572603927,4.754592227329844,3.949503314996422,-3.044384806119189,7.372124341014633,7.9759949941753225,1.6357250566167467,0.09386681629730906,4.868113058086618,1.6908490407961847,-0.20405155865120236,20.822301724341383,1,20.758920225475897,20.758920225475897,1
historical,1,1,100.0,body,25,9,0,body_09,1,4,0.10043738564810094,0.03252459158339723,0.1515848741894611,0.09989306647081551,0.10557233299256083,0.18153952410419477,-0.051147488541360156,-0.06736847488741829,0.08458473262205939,-0.5820241711097436,0.43532685861703574,0.1163770798616715,-2.5315458671176514,-1.0662368318215125,1.8767727264069483,4.727524242316854,2.7469229073370878,5.08642913331922,-4.4083185935246,-5.7937610741383665,7.280174462622147,-1.0938053694735728,0.9572747681598139,5.008574259241557,-1.6758295405833163,1.3926016267768497,-20.51899420928283,0,-19.197793681710916,19.197793681710916,0
historical,1,1,100.0,body,59,43,0,body_43,8,3,-0.11578992025639016,-0.011064981014644624,0.07567721164810061,0.08675728255878483,0.11631740814613967,0.11512543784853217,-0.19146713190449077,-0.09782226357342945,0.2150089715578426,-0.8523636367226226,1.6391479588619988,0.1163770798616715,-0.15864880533846937,1.6235111458135882,-0.8435533795686759,3.4317684093336704,1.6312442747842133,3.533923700291545,0.6849045742302066,-1.8082572635200822,1.933620595379196,-0.36954624606497977,-0.11171168910382562,5.008574259241557,-1.2219098827876023,1.5274362697581731,-5.465401520811218,0,-6.4860465909220135,6.4860465909220135,0
historical,17,2,100.0,body,24,8,0,body_08,1,3,0.09315365556769192,-0.09452877060778005,0.045540232165048884,0.07572946891757447,0.13271507833792845,0.08836778376865875,0.04761342340264304,-0.17025823952535452,0.17679057162188358,-2.0644104771167027,-1.1737237370136644,0.07444610076954251,1.470729196690674,-1.0092124952849366,-1.4477062352397727,5.313085325200258,1.783691181409395,5.506789356459029,2.9184354319304466,-6.322297820485194,6.963383882945051,-1.8269088471062114,-0.3062657138810743,3.759109744056122,-3.891319324222914,-1.4799894508947387,-19.336537933986484,0,-18.998035526848895,18.998035526848895,0
historical,1,1,100.0,body,77,61,0,body_61,12,1,0.0338547491699278,-0.05330194881672107,0.10807847811236056,0.11723992427325135,0.06314461013435017,0.15945581605787137,-0.07422372894243276,-0.17054187308997243,0.1859937967114925,-1.4699701207856584,0.6272397044894673,0.1163770798616715,-0.8946228267078508,-0.037085888474681174,-0.6461606414893319,3.3585510381348636,0.8953911799826385,3.420144536473082,-0.24846218521851882,-3.3956369266095447,3.40471490654326,-0.6729786728873164,0.09590012776392808,5.008574259241557,-2.142948793672975,0.7231398322533954,-12.68882785637448,0,-11.811704417304446,11.811704417304446,0
historical,24,3,100.0,body,35,19,0,body_19,3,4,0.03604393430393974,0.12209365343883473,-0.02215338490533261,-0.03810265714413764,0.1273028884595672,0.04407476539027204,0.05819731920927235,0.16019631058297237,0.17043997737485794,1.403412736365468,-0.3196852302959628,0.11841347379305521,-1.7885064484397657,-1.0145957398883463,-3.233091916015517,0.7532581777655654,2.0562489711876344,3.319680891256807,1.4445854675757515,-1.7678539176539116,2.283009997195662,-0.44041089009035217,-0.16116212742322747,4.868113058086618,0.9630018462751159,-0.4808473577191903,-3.1885650948201647,0,-5.589236709943332,5.589236709943332,0
historical,17,2,100.0,body,73,57,0,body_57,11,2,-0.0042883862039263965,0.12449257107079144,-0.02051301854372726,0.03855749251442694,0.124566410031156,0.043674525283915654,0.016224632339800864,0.08593507855636451,0.08745328136239515,1.1727656978724663,0.0677227185088603,0.07444610076954251,-0.9465446437999261,0.3667678698819524,1.0271733530926777,1.365906548005561,1.015118433033345,1.7090306595225617,-1.9737179968926037,-0.9991386781236086,2.2122027098302595,-0.11820840158428406,0.5764968118743024,3.759109744056122,1.0545572962881822,0.6442195303831626,-0.7841959663943001,0,-1.2292498426659002,1.2292498426659002,0
historical,24,3,100.0,body,69,53,0,body_53,10,3,-0.021162471646846506,0.07690201990579702,-0.1255083231009081,-0.0017927048168055646,0.07976071007579599,0.12552112554531264,0.10434585145406158,0.07869472472260258,0.13069398002524554,0.7688525743254744,-0.7918576836072583,0.11841347379305521,-1.282968390043717,-1.6470638637239219,-2.301550509992981,0.4170684474500562,2.0877804628448224,2.3390341681786846,1.018582119949264,-2.064132311173978,2.30177143372507,-0.4691897620255592,-0.05852853555267734,4.868113058086618,0.2996628122999152,-0.8503862191599356,-5.248092881577151,0,-5.954468204237255,5.954468204237255,0
historical,17,2,100.0,body,103,87,0,body_87,17,2,0.0651181213029309,-0.038424836929088685,0.06756391122589529,0.197175381355159,0.07560977327733684,0.20842987576806987,-0.0024457899229643892,-0.23560021828424768,0.23561291293970377,-3.078694807034804,-0.7335518990290202,0.07444610076954251,-0.41811458587592487,-0.5004196499319461,-1.3773785313561475,2.6424260941963933,0.6521040047110642,2.979863634787811,0.9592639454802226,-3.1428457441283393,3.2859803238126517,-0.8737479621277482,-0.02610707018039237,3.759109744056122,-3.952442769162552,-0.7596589692094126,-9.861515351362296,0,-9.086110044465581,9.086110044465581,0
historical,24,3,100.0,body,67,51,0,body_51,10,1,0.048762193555124345,0.009315999056039633,-0.03403453746762056,0.07391439008265265,0.04964412713221516,0.08137374762124089,0.0827967310227449,-0.06459839102661301,0.10501547881755319,-0.4544873116374379,-0.7615454940417957,0.11841347379305521,0.8958138313467695,-2.209696276012683,-1.9263807232313364,1.9116704480423423,2.3843741427587446,2.7139319432800257,2.8221945545781058,-4.121366724055026,4.995042119746175,-0.9899523878117391,-0.2698540909637167,4.868113058086618,-1.444439699449177,-1.0313995850055124,-14.027038371720693,0,-12.563445526785895,12.563445526785895,0
historical,24,3,100.0,body,52,36,0,body_36,7,1,0.06510262104385492,-0.04107503048089508,-0.07681996893692795,0.13398130646183676,0.07697733040178933,0.1544418923371868,0.1419225899807829,-0.17505633694273184,0.2253591414845661,-1.3180825574884296,-1.3728275982680729,0.11841347379305521,-1.0630907421166942,-0.7771710769618329,-1.3913783493208995,4.086055392951351,1.3168738773475,4.316454839938183,0.32828760720420536,-4.863226469913183,4.874294251551511,-0.9658170244187577,0.2640805735269979,4.868113058086618,-2.2838995819071872,-1.1087470247410751,-16.33285033433703,0,-12.257144610711368,12.257144610711368,0
historical,17,2,100.0,body,92,76,1,body_76,15,1,0.09073818154614417,0.04992017231153997,-0.02407351015968295,0.07382212407821043,0.10356370596842729,0.07764818024156814,0.11481169170582713,-0.023901951766670454,0.11727330408328289,0.061474407752143585,-1.5740780308451308,0.07444610076954251,0.9584042230571188,2.023476439278071,-2.0823320268220127,1.2125156030003914,2.238971986222065,2.409626684249673,3.0407362498791315,0.8109608362776795,3.1470199267410424,-0.004803043357812186,-0.8371578238694631,3.759109744056122,0.0566713643943314,-2.411235854714594,0.06683516826762936,1,-0.049946875287866455,0.049946875287866455,0
historical,24,3,100.0,body,89,73,1,body_73,14,3,0.1068830100902993,0.14118984775663435,-0.020065837082124102,0.0986409793909777,0.17708345759981253,0.10066121712465846,0.12694884717242338,0.04254886836565665,0.13388956642548847,0.4896659554025075,-1.0191659674581846,0.11841347379305521,0.023798008479754922,3.8230583279795307,-4.077091174029189,-0.40692565133740655,3.823132396915028,4.097348035871871,4.1008891825089435,4.229983979316938,5.891524128143483,0.5444103829923131,-1.0808644009238169,4.868113058086618,1.0340763383948206,-2.1000303683820016,7.97886591499291,1,6.909090048319864,6.909090048319864,1
historical,17,2,100.0,body,27,11,1,body_11,2,1,-0.0160290119553438,0.05966289530259392,-0.22463223022298232,0.08841574520613155,0.06177855857943627,0.24140626101099058,0.2086032182676385,-0.028752849903537624,0.2105754711479744,0.3029636842378039,-2.8122909722233045,0.07444610076954251,-0.7250407132948442,3.097409593855603,0.16987836578402357,-0.39038925957512083,3.181136625177207,0.42574926089549653,-0.8949190790788678,3.487798853430724,3.6007806098250477,0.9577705272370227,-0.014561581283952667,3.759109744056122,1.2607342114748266,-2.826852553507257,10.322961349642123,1,9.95986117853634,9.95986117853634,1
historical,1,1,100.0,body,62,46,0,body_46,9,1,0.20220702028551862,0.06763057047398346,0.07826410816825131,0.023695811278122474,0.21321719704419856,0.08177262438921805,0.12394291211726731,0.04393475919586099,0.13149946208904026,0.38516398105639255,-1.0622710578913386,0.1163770798616715,0.7067943899062714,-0.9662629704480554,-1.533380462638346,1.9592981093269148,1.1971726849799398,2.487992106983664,2.2401748525446177,-2.9255610797749703,3.6847375756581893,-0.6133575049048976,-0.40623435124896884,5.008574259241557,-0.22819352384850505,-1.4685054091403074,-11.272558259249633,0,-10.76527064221705,10.76527064221705,0
historical,24,3,100.0,body,91,75,0,body_75,15,0,0.1184479394785927,-0.15653421530908782,-0.09545506769217436,0.15335545038072976,0.1962979239043455,0.18063655252908825,0.21390300717076705,-0.3098896656898176,0.3765449526657397,-2.3724547460308885,-2.1173868511570277,0.11841347379305521,-0.03597124456682452,-2.6569249062023967,-0.9947339181516347,4.372320942588611,2.6571683965519197,4.484047947214688,0.9587626735848102,-7.029245848791008,7.094330346622231,-1.4286189990828186,0.287729943106246,4.868113058086618,-3.8010737451137073,-1.8296569080507816,-24.93475937544479,0,-18.130545665112987,18.130545665112987,0
historical,24,3,100.0,body,32,16,0,body_16,3,1,-0.024465383088945344,0.014044229230160833,0.0543430016815987,0.13796446636806892,0.02820984481272729,0.1482813400667537,-0.07880838477054405,-0.12392023713790809,0.14685702803222425,-1.1210461499645161,0.5304384321966762,0.11841347379305521,2.394000566887403,-1.9630034285041809,-4.384910062861584,3.0225441450423594,3.0959039349722035,5.325712099627113,6.778910629748987,-4.98554757354654,8.414827029370217,-1.4243276738567212,-0.9793933998752118,4.868113058086618,-2.5453738238212376,-0.4489549676785356,-19.11147034506932,0,-18.07608463104753,18.07608463104753,0
historical,1,1,100.0,body,34,18,0,body_18,3,3,-0.1216317246889792,-0.08414109097583812,-0.08074764161153561,-0.0801337390766015,0.1478986127095853,0.11376114347272467,-0.040884083077443595,-0.004007351899236622,0.041080008743032484,-0.036957750718619155,0.35105049337283567,0.1163770798616715,-3.258918065435934,-3.1580060646125183,2.561207971984047,5.695440913056072,4.538011597754476,6.244824534754168,-5.820126037419981,-8.85344697766859,10.59515882268138,-1.6839664333698323,1.2803092636527904,5.008574259241557,-1.7209241840884515,1.631359757025626,-30.97727730717115,0,-29.555934773221768,29.555934773221768,0
historical,24,3,100.0,body,82,66,1,body_66,13,1,0.004768240882044405,0.20760714704454114,0.05721298867235152,-0.0017040547741758215,0.20766189738390364,0.057238360174764046,-0.05244474779030712,0.20931120181871696,0.21578144215289827,1.6989546545658833,0.6589573331442298,0.11841347379305521,-0.6216381364925606,-0.1278226665487737,2.1561392727106927,2.6074110560933597,0.6346436849331933,3.383419716612659,-2.7777774092032534,-2.7352337226421333,3.898403628738138,-0.34353816403774534,0.7233728771792384,4.868113058086618,1.355416490528138,1.382330210323468,-1.30667760885654,0,-4.359828880054217,4.359828880054217,0
historical,1,1,100.0,body,58,42,1,body_42,8,2,0.10360324288936555,-0.15828729338813977,0.11117885930594146,-0.09063998058607953,0.18917848499587872,0.14344457060905164,-0.007575616416575906,-0.06764731280206024,0.06807017624063329,-0.5817296973974165,0.06091678662108175,0.1163770798616715,-1.1952500285088534,2.4260864899552685,1.2392416607060106,0.18919598078035071,2.7045366123226895,1.2536008187508614,-2.4344916892148643,2.236890509174918,3.3061199214325345,0.47883749242436596,0.4543524362635564,5.008574259241557,-0.10289220497305057,0.5152692228846382,7.599675917121623,1,8.404258786053513,8.404258786053513,1
historical,24,3,100.0,body,103,87,1,body_87,17,2,0.0026310747775927907,0.016395618540589612,-0.05056706580166879,0.08296498582822505,0.016605386530093504,0.09716077921295138,0.05319814057926158,-0.06656936728763543,0.08521456930693827,-0.5020413144931578,-0.5155871746553963,0.11841347379305521,-4.068091430015986,1.4198884218802919,0.8293749873117952,-2.895225962490784,4.308764441642084,3.011676649884434,-4.897466417327782,4.315114384371076,6.5272804029748555,1.1674225712215711,0.6594939014776635,4.868113058086618,0.6653812567284133,0.14390672682226724,13.06505038092639,1,14.815712412900158,14.815712412900158,1
historical,1,1,100.0,body,94,78,1,body_78,15,3,-0.1932716770688785,-0.08600722900617964,0.014872177904109099,-0.02904188673617606,0.21154475790796207,0.03262840573500872,-0.2081438549729876,-0.056965342270003584,0.2157983192310699,-0.5023288176260137,1.78496605304065,0.1163770798616715,1.7795084533981933,1.7639339976224482,-0.6153175942778676,-0.029332451980395396,2.505616387974013,0.6160163427759727,2.394826047676061,1.7932664496028436,2.991821578553596,0.32446869293231445,-0.5015327531533696,5.008574259241557,-0.17786012469369922,1.2834332998872804,7.753116237672006,1,5.694873326583617,5.694873326583617,1
historical,24,3,100.0,body,42,26,1,body_26,5,1,0.16340676170901253,0.06302405244514024,-0.06792558240954913,0.23922305076473163,0.17513937580919314,0.24867961871223346,0.23133234411856166,-0.1761989983195914,0.29079329504687,-1.2338999211816426,-2.1232462037425357,0.11841347379305521,-1.821693587188764,3.1823963251380825,1.9295028398804706,1.2354453029900314,3.6669079475570476,2.2911364659895166,-3.7511964270692344,1.946951022148051,4.226356932051567,0.6306305424427787,0.5966798492293581,4.868113058086618,-0.6032693787388639,-1.5265663545131776,3.4322528192102784,1,8.003306588330581,8.003306588330581,1
historical,1,1,100.0,body,27,11,0,body_11,2,1,0.07011783723403009,-0.029300470640935498,0.07517810166498391,0.03188296615671234,0.07599360945604741,0.08165947894090876,-0.005060264430953823,-0.061183436797647844,0.06139233840214058,-0.5260333003649468,0.03970265548115519,0.1163770798616715,0.5455934101789168,0.3324620709896509,-1.7529286328269484,2.222129744142248,0.6389078164159423,2.8303037631297188,2.2985220430058653,-1.8896676731525972,2.9755751540066684,-0.40781609027570426,-0.432014332356649,5.008574259241557,-0.9338493906406511,-0.3923116768754938,-7.214551755955277,0,-7.157735169066683,7.157735169066683,0
historical,1,1,100.0,body,45,29,1,body_29,5,4,0.059769090522501095,0.07319130968599748,0.09649978902532075,-0.06936797376109252,0.09449503688257134,0.11884496230657417,-0.03673069850281965,0.14255928344709,0.14721512663260114,1.2226777115577097,0.324412324887353,0.1163770798616715,-0.21728258231006392,2.257062294632733,-0.35564659025777157,-3.064676233959689,2.2674968406655185,3.0852430886656763,0.13836400794770765,5.321738528592421,5.323536941301374,1.058142207385277,-0.10029432283368425,5.008574259241557,2.2808199189429867,0.22411800205366875,20.33763618166978,1,18.571855972026775,18.571855972026775,1
historical,17,2,100.0,body,32,16,0,body_16,3,1,-0.14406678232389467,-0.08237982871531017,-0.10062983891728812,0.05271193243662141,0.16595684363208493,0.11359979006020343,-0.043436943406606546,-0.13509176115193158,0.1419033191424333,-1.9018691571884556,0.12725243619082927,0.07444610076954251,0.3071620644840905,-0.7504690913125394,-3.048612206258398,3.518222976112029,0.8108960419644414,4.6553119437681385,3.3557742707424882,-4.268692067424569,5.429820708151487,-1.3304987962965726,-0.5623070913722878,3.759109744056122,-3.2323679534850283,-0.4350546551814586,-14.380732675839024,0,-13.835864575569843,13.835864575569843,0
historical,17,2,100.0,body,54,38,1,body_38,7,3,-0.02547021102739829,0.0921702661340551,-0.014673234294725869,0.08884708823622105,0.0956247332493155,0.0900505907405541,-0.010796976732672423,0.0033231778978340537,0.011296823354665789,0.008235639095532913,0.151521346454616,0.07444610076954251,1.7791411313346062,2.2199034167188376,-4.301775753184164,0.07166279217326176,2.844875101786817,4.302372622921595,6.08091688451877,2.148240624545576,6.449223824412783,0.1255066070592613,-1.7110284334142685,3.759109744056122,0.13374224615479421,-1.5595070869596523,1.0491494582381686,1,1.3051439230495374,1.3051439230495374,1
historical,1,1,100.0,body,98,82,1,body_82,16,2,-0.0002348686639398115,0.039208568929003984,0.00855373781150029,0.20360141652070224,0.03920927238230464,0.2037810178593295,-0.008788606475440101,-0.16439284759169825,0.16462760383085054,-1.4130940299339467,0.06536577566478825,0.1163770798616715,-0.5342020756661757,5.288964393054986,-2.415180409070405,-3.8550311027195754,5.315873983518566,4.549105539695995,1.8809783334042294,9.143995495774561,9.33545569950828,1.795678021990645,-0.4996442759453367,5.008574259241557,0.38258399205669824,-0.4342785002805485,31.32186629737669,1,31.516627315104863,31.516627315104863,1
historical,1,1,100.0,body,66,50,1,body_50,10,0,0.13469636876123317,0.004204058225971227,0.018203453962072135,0.08652778148967234,0.13476195999995497,0.088421845183607,0.11649291479916103,-0.08232372326370112,0.14264569608089492,-0.700176511477428,-1.0060526759597703,0.1163770798616715,-0.08530431314554003,2.917566731000614,0.04394350376518238,-0.3387305132031703,2.9188135356138876,0.34156901513170623,-0.1292478169107224,3.2562972442037843,3.2588612644273995,0.6503859705609117,-0.018759949710195428,5.008574259241557,-0.049790540916516246,-1.0248126256699657,9.921924530046487,1,11.415171313628639,11.415171313628639,1
historical,1,1,100.0,body,71,55,1,body_55,11,0,0.15013434214146337,-0.03063162135647554,0.09520720333988185,0.04286746217597393,0.15322733736894495,0.10441279079313111,0.054927138801581524,-0.07349908353244947,0.09175568569324839,-0.6281519358718312,-0.47650167653180586,0.1163770798616715,3.145276619324355,5.029098551818743,-1.3077960330266354,1.083370419822803,5.931660581656187,1.6982408340830935,4.45307265235099,3.9457281319959403,5.949674490149898,0.7250853515648662,-0.9409317114773366,5.008574259241557,0.09693341569303504,-1.4174333880091425,12.847288685280905,1,12.726248535123368,12.726248535123368,1
historical,1,1,100.0,body,36,20,1,body_20,4,0,-0.1618965154110204,0.05354781752780358,-0.004121680760078936,-0.06957297909794546,0.17052228729471616,0.06969496160305393,-0.15777483465094147,0.12312079662574904,0.20012903090479148,1.0481778071408092,1.3632880997781331,0.1163770798616715,3.0405450099312317,3.6753969210499684,-1.7631642946953938,-1.4616846198276858,4.770058331370938,2.290255500578377,4.803709304626626,5.137081540877654,7.033152198053328,0.9575979299538481,-1.0270573356360253,5.008574259241557,2.005775737094657,0.33623076414210784,20.473833177661888,1,16.807165152366363,16.807165152366363,1
historical,24,3,100.0,body,93,77,0,body_77,15,2,0.11778700464173043,-0.1254546695399975,-0.06623947977997567,0.029218469397248363,0.17208327220232944,0.07239742837587358,0.1840264844217061,-0.15467313893724588,0.240394523392928,-1.1031275752377252,-1.7042680986556442,0.11841347379305521,1.281037280071446,0.39863674097552343,-3.9758557368857077,2.61716246787511,1.3416287728684246,4.759933636489182,5.256893016957154,-2.218525726899587,5.7058549396780345,-0.784813149454703,-0.8705502037045706,4.868113058086618,-1.8879407246924282,-2.5748183023602147,-12.896804936654936,0,-9.960031788674794,9.960031788674794,0
historical,17,2,100.0,body,37,21,0,body_21,4,1,-0.111622647494853,-0.03757295301572299,-0.03435960936554519,0.22396170867109816,0.11777666251037146,0.22658205954274205,-0.0772630381293078,-0.26153466168682116,0.27270855564981983,-3.6597872296089395,0.15733854605795616,0.07444610076954251,0.19479841543359766,0.8926868098961213,-4.254895035149201,3.323309129823085,0.9136936922283935,5.3989365001361875,4.4496934505827985,-2.4306223199269636,5.070275797852282,-0.9353805210539394,-0.9717594980862689,3.759109744056122,-4.595167750662879,-0.8144209520283128,-10.919197765428098,0,-9.727027376463317,9.727027376463317,0
historical,17,2,100.0,body,91,75,0,body_75,15,0,-0.04549941764978575,-0.03199450383758763,-0.0003271982023746976,0.14455708801908296,0.055622345170651025,0.14455745831751654,-0.04517221944741106,-0.17655159185667058,0.18223883778418212,-2.4478829012099457,0.015172798419205309,0.07444610076954251,-0.7696720369812968,-0.18751853037956448,-2.3146905518633707,0.08133011301551281,0.7921857381616071,2.3161189386921976,1.5450185148820739,-0.2688486433950773,1.5682352516072906,-0.17718656232845725,-0.3776853988399647,3.759109744056122,-2.625069463538403,-0.3625126004207594,-2.6390542026868293,0,-1.8425640728207364,1.8425640728207364,0
historical,1,1,100.0,body,24,8,1,body_08,1,3,-0.2392066763793176,-0.0029986119972053703,0.13470054257949285,-0.08306365371390403,0.2392254704214193,0.15825235145018582,-0.37390721895881046,0.08006504171669866,0.3823833407650084,0.6648743501904099,3.217754738562025,0.1163770798616715,-0.5328779570327375,2.7667055244428713,0.560560967617038,-1.5225835049383232,2.817555390063182,1.6224947235433522,-1.0934389246497755,4.2892890293811945,4.426466882233406,0.8693247315193,0.15917839409808263,5.008574259241557,1.5341990817097098,3.3769331326601075,19.276501457145038,1,15.257848703145797,15.257848703145797,1
historical,24,3,100.0,body,29,13,1,body_13,2,3,0.009621394563714657,0.061776591846350176,0.0663996578491851,0.10819858734240047,0.0625213446232662,0.12694821332094403,-0.05677826328547044,-0.04642199549605029,0.07334011758614459,-0.4485383661307599,0.42710118256899027,0.11841347379305521,-1.0081203489050348,3.5703205966136444,0.767484646548055,-0.3345698958317552,3.7099185705996325,0.837239331304893,-1.7756049954530897,3.9048904924453995,4.289632018934543,0.8774054340543184,0.08135802114103206,4.868113058086618,0.42886706792355844,0.5084592037100223,10.763205622756681,1,11.135116710020672,11.135116710020672,1
historical,1,1,100.0,body,30,14,1,body_14,2,4,0.061216758963385076,0.08503874878928505,-0.07944892264067276,-0.09806630886506104,0.1047811069498138,0.12621066612288026,0.14066568160405785,0.1831050576543461,0.23089888722065247,1.5820222685987726,-1.1973688073570925,0.1163770798616715,0.9332322524164828,3.2834570374901952,0.9019807754170496,0.6353134673238198,3.413504438842028,1.1032644836959795,0.0312514769994332,2.6481435701663756,2.6483279674217397,0.5270546890075244,-0.04241788141241786,5.008574259241557,2.109076957606297,-1.2397866887695104,9.530752455944114,1,9.25053712564467,9.25053712564467,1
historical,1,1,100.0,body,86,70,0,body_70,14,0,0.020810405723995347,0.051886025426814426,-0.05857691858199605,0.10680420508841545,0.05590378002415696,0.12181294518699605,0.0793873243059914,-0.05491817966160103,0.09653162030033756,-0.46698453713611,-0.6855293864393386,0.1163770798616715,0.004896346635109422,-0.2602375860925758,-1.3862908159430574,4.326707852530401,0.260283644176237,4.5433691317695395,1.3911871625781669,-4.586945438622976,4.793273430363264,-0.9326841062600166,-0.21441849752957445,5.008574259241557,-1.3996686433961267,-0.899947883968913,-17.498564482054395,0,-16.369893165553123,16.369893165553123,0
historical,24,3,100.0,body,53,37,0,body_37,7,2,0.06410531710410616,0.003125120737769459,0.038139048986853025,0.10975924942273312,0.06418144638946402,0.11619672926319102,0.02596626811725314,-0.10663412868496365,0.10975010013817056,-0.8663252118592072,-0.32940733845334585,0.11841347379305521,0.3037384035079928,-1.6797275957557243,-1.900960291779608,4.420720878642011,1.7069686036095948,4.81211212647671,2.204698695287601,-6.100448474397735,6.486614519592212,-1.332366071455162,-0.016640461371542393,4.868113058086618,-2.198691283314369,-0.34604779982488826,-19.048640352751555,0,-16.909003671849266,16.909003671849266,0
historical,24,3,100.0,body,81,65,0,body_65,13,0,0.15417517277476475,-0.049888044690480714,-0.013014811141570038,0.2236332562755057,0.16204567536089312,0.22401164840569507,0.1671899839163348,-0.2735213009659864,0.3205719775714497,-2.1166860778915746,-1.687812204211758,0.11841347379305521,1.5795700187741408,0.22733047298117373,-4.925519020354722,1.5098086711328704,1.5958447882410067,5.151723968081378,6.505089039128863,-1.2824781981516966,6.630304196319268,-0.6873056823793617,-1.1758478159999515,4.868113058086618,-2.8039917602709363,-2.8636600202117095,-13.252462069205425,0,-8.722568486258995,8.722568486258995,0
historical,1,1,100.0,body,92,76,0,body_76,15,1,-0.030707645824176923,0.03887350211043797,0.0471796733108292,0.0018398178609734367,0.0495389612163327,0.04721553243878677,-0.07788731913500613,0.03703368424946453,0.08624342439355785,0.3134039963796225,0.671536238892499,0.1163770798616715,1.463635929414932,-0.4759556592619416,-1.8063452945000937,3.299554445611225,1.5390789204773683,3.761640980013301,3.2699812239150257,-3.7755101048731667,4.994722590570592,-0.7967328924727097,-0.5997442490231384,5.008574259241557,-0.4833288960930872,0.07179198986936064,-12.561537958103813,0,-13.983761751403081,13.983761751403081,0
historical,24,3,100.0,body,49,33,0,body_33,6,3,0.026956473191357345,0.051889547738166855,0.08818329380771349,0.08275911813232584,0.058473725820986165,0.12093537505964821,-0.06122682061635615,-0.030869570394158982,0.06856860753367675,-0.3228797358432544,0.4806871659369023,0.11841347379305521,-1.341626542340601,-1.656168140072154,-1.4893302827045867,3.0374972483963765,2.131397355563447,3.38297121255805,0.1477037403639856,-4.69366538846853,4.695988838767076,-0.9207429230991598,0.2876936865776126,4.868113058086618,-1.2436226589424142,0.7683808525145148,-12.290054113769834,0,-11.685111022460362,11.685111022460362,0
historical,24,3,100.0,body,74,58,0,body_58,11,3,0.08164740835992781,-0.043935547762388075,0.09946361836036118,0.05379215584704318,0.09271802224526736,0.11307788204599589,-0.01781621000043336,-0.09772770360943125,0.0993384185074052,-0.8376042944209954,0.04681303172513725,0.11841347379305521,-1.4864954638785612,-2.425306457674959,-1.3290532718009918,3.938647764054716,2.8446054520392448,4.15684120560049,-0.1574421920775695,-6.363954221729674,6.365901458561634,-1.2242890513866385,0.45948424719159203,4.868113058086618,-2.0618933458076336,0.5062972789167293,-17.690868740982033,0,-15.537402601893103,15.537402601893103,0
historical,24,3,100.0,body,36,20,1,body_20,4,0,0.029360286781200496,-0.037079456514743245,-0.1547845645265148,-0.06835175416804137,0.04729600971861233,0.16920467993974395,0.1841448513077153,0.03127229765329813,0.18678137718642362,0.4551499219881486,-1.5102720852938805,0.11841347379305521,0.1859715781472275,4.699996430853553,-1.402630488135956,-2.1046495020191784,4.703674295475263,2.529213674761009,1.5886020662831835,6.804645932872732,6.98762211319134,1.2133427957054486,-0.766898096857801,4.868113058086618,1.668492717693597,-2.277170182151681,15.82253208498972,1,15.398484115846633,15.398484115846633,1
historical,17,2,100.0,body,85,69,1,body_69,13,4,0.17420103841150297,0.1193015624221611,0.10432020490087292,0.12531750052378296,0.2111370753326254,0.16305576067127606,0.06988083351063006,-0.006015938101621862,0.07013930712077887,0.14862222062281155,-0.9303525477440253,0.07444610076954251,-0.9016369989677712,0.7030927432933832,0.8970019113886015,1.8085118860175962,1.1433672566500337,2.0187440825676064,-1.7986389103563727,-1.1054191427242128,2.1111734677541527,-0.15774395444566786,0.5390070189323718,3.759109744056122,-0.009121733822856304,-0.3913455288116535,-1.3839268492012504,0,-1.6403802824926572,1.6403802824926572,0
historical,17,2,100.0,body,99,83,0,body_83,16,3,-0.04765336523574412,0.05439591899943948,0.07554297877814488,0.142787641765445,0.07231707420854916,0.1615396306904665,-0.123196344013889,-0.08839172276600553,0.15162597347397597,-1.5523199206054548,1.3185360451320072,0.07444610076954251,-1.2187196253688142,-0.836263727882851,0.48813560025669633,1.5054618315607347,1.4780441630180154,1.582621777470589,-1.7068552256255105,-2.3417255594435855,2.897763509501161,-0.4814551019641588,0.602023884159882,3.759109744056122,-2.0337750225696136,1.9205599292918891,-5.534782690493497,0,-5.006654352890107,5.006654352890107,0
historical,17,2,100.0,body,21,5,1,body_05,1,0,0.05503340833233502,0.03483069071682303,-0.01966912286408764,0.06684401377291647,0.0651295098130218,0.06967780544417586,0.07470253119642266,-0.032013323056093446,0.0812731260641936,-0.17455561384663332,-1.0776588281587653,0.07444610076954251,1.9110736869773035,4.702766170813471,-2.3091524759944506,-1.8899725350247392,5.076239976045717,2.983987490010496,4.220226162971754,6.592738705838211,7.827803811420454,1.3964310992132822,-1.5447283508690197,3.759109744056122,1.221875485366649,-2.6223871790277853,14.259641470529097,1,14.521494969862733,14.521494969862733,1
historical,17,2,100.0,body,100,84,1,body_84,16,4,0.05713588811414595,0.1403467810282518,-0.06602659181489479,-0.06166017014114388,0.15153127946263856,0.09034095089451706,0.12316247992904074,0.20200695116939568,0.2365920640744866,3.033039712201515,-0.9489758897332417,0.07444610076954251,-2.0931067750333834,3.0670827513712102,1.3923922730173333,-1.8826454788848972,3.713232092860537,2.34160420249113,-3.4854990480507166,4.949728230256108,6.053801546743724,1.5143629510846568,0.5479100641144372,3.759109744056122,4.547402663286172,-0.40106582561880444,16.732610131732457,1,15.747868970485872,15.747868970485872,1
historical,17,2,100.0,body,98,82,1,body_82,16,2,0.06872423076078368,0.15085301449249577,0.04243488877392447,0.08676970038190687,0.16576987625963466,0.09659037576084499,0.026289341986859213,0.0640833141105889,0.06926615803910623,0.920654504090881,-0.1344510485408597,0.07444610076954251,0.7214474758283794,3.0930974162844853,-1.0912929576935215,0.42913769916434263,3.1761199736478622,1.1726378317091515,1.8127404335219008,2.6639597171201426,3.2222211677294905,0.5567382519283832,-0.6517625029275615,3.759109744056122,1.4773927560192641,-0.7862135514684212,5.950244318033747,1,5.7895242589934615,5.7895242589934615,1
historical,1,1,100.0,body,54,38,0,body_38,7,3,-0.08866491369031837,-0.15114819241449867,-0.01875699719824358,-0.006539310190241787,0.17523482242374636,0.019864227185045925,-0.06990791649207478,-0.14460888222425688,0.16062019053161375,-1.2468734929680527,0.5917571972592152,0.1163770798616715,-0.5975056867188064,0.03917926386402665,-1.3799332455672708,1.1977757087566654,0.5987888278669197,1.8272609038419647,0.7824275588484644,-1.1585964448926387,1.3980481418618704,-0.24147364923093706,-0.14001631915565046,5.008574259241557,-1.4883471421989898,0.45174087810356467,-4.605540450175199,0,-4.2381957767646234,4.2381957767646234,0
historical,24,3,100.0,body,94,78,1,body_78,15,3,0.0061427185648725595,0.08947176378516807,0.0646392899291189,-0.06648113318816333,0.08968238124735617,0.09272528712558945,-0.05849657136424634,0.1559528969733314,0.16656276575437526,1.245485849123919,0.6537162600877052,0.11841347379305521,-1.3906584302511416,1.9235206023412348,-0.10775736746163654,-1.932195549718876,2.3735758629670456,1.9351979982926015,-1.282901062789505,3.855716152060111,4.063543057746979,0.8346548905095448,-0.010934901527203103,4.868113058086618,2.080140739633464,0.6427813585605021,13.656353085914624,1,10.592571299071688,10.592571299071688,1
historical,1,1,100.0,body,89,73,1,body_73,14,3,-0.11176936405086087,0.04457132995503316,-0.09153364852640893,0.0093650552847333,0.12032869231523421,0.09201148337594756,-0.02023571552445194,0.03520627467029985,0.04060746186290326,0.3012616833930105,0.17604995687102085,0.1163770798616715,0.06824933188437592,2.6522492588925677,1.8357095415210787,-1.9657802292094675,2.6531272307597384,2.6896322109876576,-1.7674602096367027,4.618029488102035,4.944705445790372,0.9440183451555606,0.2889432205106932,5.008574259241557,1.2452800285485712,0.4649931773817141,16.939443347601397,1,16.568824699378556,16.568824699378556,1
historical,17,2,100.0,body,48,32,0,body_32,6,2,0.17678769133581201,-0.21570557280500643,0.029863714559634602,0.1480286387461701,0.27889564705635383,0.15101099077995436,0.1469239767761774,-0.3637342115511765,0.3922871800154611,-4.2634783332646675,-3.096684644913863,0.07444610076954251,-0.1406679562304349,-1.1580197310174438,0.3545968357788063,3.156962920015157,1.16653211328954,3.1768150393585977,-0.49526479200924123,-4.314982651032601,4.343312387212816,-1.072710518874405,0.4292598754005286,3.759109744056122,-5.336188852139072,-2.6674247695133344,-11.907719841706959,0,-11.155122807512276,11.155122807512276,0
historical,17,2,100.0,body,34,18,1,body_18,3,3,-0.132306021655267,0.11690730287778923,0.0994352100382629,-0.198212312796218,0.17655650889277102,0.22175545526407964,-0.2317412316935299,0.31511961567400726,0.3911577311640003,3.354290489828373,4.044228039801041,0.07444610076954251,-1.4837580278338698,1.3946119612997177,1.4275858430115054,-0.1674706346931782,2.0362908455723363,1.4373752998613154,-2.911343870845375,1.562082595992896,3.303940854648103,0.6047570383836052,0.6377788522435255,3.759109744056122,3.959047528211978,4.6820068920445665,6.822624069089389,1,6.288871893374601,6.288871893374601,1
historical,17,2,100.0,body,46,30,1,body_30,6,0,0.09557074373181743,0.1432152903772977,0.05369192703122294,0.0795749351948567,0.1721754525340544,0.09599475683385948,0.041878816700594484,0.06364035518244099,0.07618352903344157,0.9655289560090542,-0.3390791048190031,0.07444610076954251,-1.1313408757045225,2.7693540748531684,1.5847135916285309,-0.6706255217131186,2.991530405820025,1.7207718494516322,-2.7160544673330533,3.439979596566287,4.3829683428371,1.0730228943067814,0.45616068561493534,3.759109744056122,2.0385518503158355,0.11708158079593223,11.452120624061376,1,11.15837120141622,11.15837120141622,1
historical,17,2,100.0,body,84,68,1,body_68,13,3,-0.05049598116808962,0.09216296156561286,-0.06454291456291626,0.031033915899367683,0.10508975020749024,0.07161628136342275,0.014046933394826641,0.06112904566624518,0.06272221745015545,0.8423756339715343,0.015515182882375215,0.07444610076954251,1.35809773950324,3.6083869119903205,-2.716836453497598,1.8984039267577208,3.8555006907880136,3.3143834696942567,4.074934193000838,1.7099829852325996,4.419177580395744,0.15350128852136752,-1.1655268349212815,3.759109744056122,0.9958769224929018,-1.1500116520389063,1.6872299945230935,1,1.5962607753338416,1.5962607753338416,1
historical,1,1,100.0,body,51,35,0,body_35,7,0,0.15442604388681097,-0.03102756667660659,-0.04538065303247575,0.00758756598270228,0.15751226277468855,0.04601059472769083,0.1998066969192867,-0.03861513265930887,0.2035039179084563,-0.3194645872266859,-1.7192304600789576,0.1163770798616715,-1.4167725411452858,1.7679591900065001,0.47577579151652805,1.1932646846652843,2.265595756279507,1.2846179243115516,-1.8925483326618138,0.5746945053412158,1.9778809281476972,0.14033897467657153,0.3691208289377851,5.008574259241557,-0.1791256125501144,-1.3501096311411724,0.013592662485005569,1,2.463142672850778,2.463142672850778,1
historical,24,3,100.0,body,17,1,0,body_01,0,1,-0.09027419417127959,0.11051494627035138,0.04170886791432797,-0.009832418094874609,0.14269892600301007,0.04285214240020299,-0.13198306208560756,0.12034736436522599,0.17861415617791834,0.8700646645011624,1.232168616850219,0.11841347379305521,-0.2613192767017836,2.241804372326708,-1.636626285506307,2.347103122932356,2.2569835196915125,2.8613700683569383,1.3753070088045234,-0.1052987506056482,1.3793321555542581,-0.1131290879759107,-0.25977582962118945,4.868113058086618,0.7569355765252517,0.9723927872290297,1.47578570887101,1,-1.4357166584769274,1.4357166584769274,0
