sequence,phase,scheme,repetition,duty_percent,algorithm,boundary_source,manifest_clock_correction_s,off_fit_samples,decoder_failure,payload_bit_errors_conditional_on_decode,payload_bits_evaluated,frame_error,wrong_codeword_miscorrection,decoded_payload_bits,gmd_erasures,gmd_erasure_count,gmd_candidate_count,corrected_symbol_count,gmd_attempts,gmd_score,gmd_margin,minimum_abs_bit_llr,gao_transfer_magnitude,gao_transfer_phase_radians,gao_off_coherence,gao_noise_reduction_db,gao_orientation,gao_sync_reference_leakage_ratio,gao_sync_desired_amplitude_ratio,gao_sync_desired_attenuation_db,duong_iterations,duong_training_error,gao_duong_iterations,gao_duong_training_error
3,short,rs5_3,1,100.000000000,coherent_hard,identical_frozen_manifest_boundaries,-0.070000000,2000,0,0,11,0,0,10001011100,,0,1,1,1,1038.169501084,,9.641585714,0.025898446,0.321179527,0.001706173,0.007416145,sensor_y_primary_sensor_x_reference,0.004879723,0.999877379,0.001065134,60000,0.000139845,2613,0.000050108
3,short,rs5_3,1,100.000000000,coherent_gmd,identical_frozen_manifest_boundaries,-0.070000000,2000,0,0,11,0,0,10001011100,,0,1,1,3,1038.169501084,,9.641585714,0.025898446,0.321179527,0.001706173,0.007416145,sensor_y_primary_sensor_x_reference,0.004879723,0.999877379,0.001065134,60000,0.000139845,2613,0.000050108
3,short,rs5_3,1,100.000000000,gao_gmd,identical_frozen_manifest_boundaries,-0.070000000,2000,0,0,11,0,0,10001011100,,0,1,1,3,1025.390031848,,9.027826702,0.025898446,0.321179527,0.001706173,0.007416145,sensor_y_primary_sensor_x_reference,0.004879723,0.999877379,0.001065134,60000,0.000139845,2613,0.000050108
3,short,rs5_3,1,100.000000000,duong_gmd,identical_frozen_manifest_boundaries,-0.070000000,2000,0,0,11,0,0,10001011100,,0,1,1,3,1017.082420170,,7.152949452,0.025898446,0.321179527,0.001706173,0.007416145,sensor_y_primary_sensor_x_reference,0.004879723,0.999877379,0.001065134,60000,0.000139845,2613,0.000050108
3,short,rs5_3,1,100.000000000,gao_duong_gmd,identical_frozen_manifest_boundaries,-0.070000000,2000,0,0,11,0,0,10001011100,,0,1,1,3,1005.327327475,,6.599208286,0.025898446,0.321179527,0.001706173,0.007416145,sensor_y_primary_sensor_x_reference,0.004879723,0.999877379,0.001065134,60000,0.000139845,2613,0.000050108
5,short,rs5_3,1,50.000000000,coherent_hard,identical_frozen_manifest_boundaries,-0.070000000,2000,0,0,11,0,0,10001011100,,0,1,0,1,463.865770467,,0.644920524,0.029742412,0.689575573,0.002153868,0.009364218,sensor_y_primary_sensor_x_reference,0.070654797,0.997991430,0.017463760,56348,0.000134658,2227,0.000050096
5,short,rs5_3,1,50.000000000,coherent_gmd,identical_frozen_manifest_boundaries,-0.070000000,2000,0,0,11,0,0,10001011100,,0,1,0,3,463.865770467,,0.644920524,0.029742412,0.689575573,0.002153868,0.009364218,sensor_y_primary_sensor_x_reference,0.070654797,0.997991430,0.017463760,56348,0.000134658,2227,0.000050096
5,short,rs5_3,1,50.000000000,gao_gmd,identical_frozen_manifest_boundaries,-0.070000000,2000,0,0,11,0,0,10001011100,,0,1,0,3,465.380205417,,0.374140713,0.029742412,0.689575573,0.002153868,0.009364218,sensor_y_primary_sensor_x_reference,0.070654797,0.997991430,0.017463760,56348,0.000134658,2227,0.000050096
5,short,rs5_3,1,50.000000000,duong_gmd,identical_frozen_manifest_boundaries,-0.070000000,2000,0,0,11,0,0,10001011100,,0,1,0,3,462.256472554,,0.614965991,0.029742412,0.689575573,0.002153868,0.009364218,sensor_y_primary_sensor_x_reference,0.070654797,0.997991430,0.017463760,56348,0.000134658,2227,0.000050096
5,short,rs5_3,1,50.000000000,gao_duong_gmd,identical_frozen_manifest_boundaries,-0.070000000,2000,0,0,11,0,0,10001011100,,0,1,0,3,463.804099086,,0.341060109,0.029742412,0.689575573,0.002153868,0.009364218,sensor_y_primary_sensor_x_reference,0.070654797,0.997991430,0.017463760,56348,0.000134658,2227,0.000050096
7,short,rs5_3,1,25.000000000,coherent_hard,identical_frozen_manifest_boundaries,-0.070000000,2000,0,0,11,0,0,10001011100,,0,1,1,1,186.565754608,,0.365339138,0.019769424,0.265192018,0.001305829,0.005674851,sensor_y_primary_sensor_x_reference,0.040071326,1.000789760,-0.006857057,60000,0.000192988,2082,0.000049980
7,short,rs5_3,1,25.000000000,coherent_gmd,identical_frozen_manifest_boundaries,-0.070000000,2000,0,0,11,0,0,10001011100,,0,2,1,3,186.565754608,63.123063040,0.365339138,0.019769424,0.265192018,0.001305829,0.005674851,sensor_y_primary_sensor_x_reference,0.040071326,1.000789760,-0.006857057,60000,0.000192988,2082,0.000049980
7,short,rs5_3,1,25.000000000,gao_gmd,identical_frozen_manifest_boundaries,-0.070000000,2000,0,0,11,0,0,10001011100,,0,2,1,3,186.249207500,61.351154721,0.265248715,0.019769424,0.265192018,0.001305829,0.005674851,sensor_y_primary_sensor_x_reference,0.040071326,1.000789760,-0.006857057,60000,0.000192988,2082,0.000049980
7,short,rs5_3,1,25.000000000,duong_gmd,identical_frozen_manifest_boundaries,-0.070000000,2000,0,0,11,0,0,10001011100,,0,2,1,3,186.183608668,63.075487348,0.378339524,0.019769424,0.265192018,0.001305829,0.005674851,sensor_y_primary_sensor_x_reference,0.040071326,1.000789760,-0.006857057,60000,0.000192988,2082,0.000049980
7,short,rs5_3,1,25.000000000,gao_duong_gmd,identical_frozen_manifest_boundaries,-0.070000000,2000,0,0,11,0,0,10001011100,,0,2,1,3,185.876617021,61.313607046,0.281435224,0.019769424,0.265192018,0.001305829,0.005674851,sensor_y_primary_sensor_x_reference,0.040071326,1.000789760,-0.006857057,60000,0.000192988,2082,0.000049980
12,short,rs5_3,1,10.000000000,coherent_hard,identical_frozen_manifest_boundaries,-0.070000000,2000,1,,0,1,0,,,0,0,0,1,,,0.737940210,0.026840971,0.620790659,0.001953532,0.008492381,sensor_y_primary_sensor_x_reference,0.273376529,1.006491973,-0.056206316,58065,0.000134419,2036,0.000050005
12,short,rs5_3,1,10.000000000,coherent_gmd,identical_frozen_manifest_boundaries,-0.070000000,2000,1,,0,1,0,,,0,0,0,3,,,0.737940210,0.026840971,0.620790659,0.001953532,0.008492381,sensor_y_primary_sensor_x_reference,0.273376529,1.006491973,-0.056206316,58065,0.000134419,2036,0.000050005
12,short,rs5_3,1,10.000000000,gao_gmd,identical_frozen_manifest_boundaries,-0.070000000,2000,1,,0,1,0,,,0,0,0,3,,,0.126837508,0.026840971,0.620790659,0.001953532,0.008492381,sensor_y_primary_sensor_x_reference,0.273376529,1.006491973,-0.056206316,58065,0.000134419,2036,0.000050005
12,short,rs5_3,1,10.000000000,duong_gmd,identical_frozen_manifest_boundaries,-0.070000000,2000,1,,0,1,0,,,0,0,0,3,,,0.737077752,0.026840971,0.620790659,0.001953532,0.008492381,sensor_y_primary_sensor_x_reference,0.273376529,1.006491973,-0.056206316,58065,0.000134419,2036,0.000050005
12,short,rs5_3,1,10.000000000,gao_duong_gmd,identical_frozen_manifest_boundaries,-0.070000000,2000,1,,0,1,0,,,0,0,0,3,,,0.118832591,0.026840971,0.620790659,0.001953532,0.008492381,sensor_y_primary_sensor_x_reference,0.273376529,1.006491973,-0.056206316,58065,0.000134419,2036,0.000050005
14,short,rs5_3,1,1.000000000,coherent_hard,identical_frozen_manifest_boundaries,-0.070000000,2000,1,,0,1,0,,,0,0,0,1,,,0.065226848,0.056674014,0.156776367,0.004723492,0.020562467,sensor_y_primary_sensor_x_reference,0.095326002,0.999448906,0.004788058,44650,0.000135855,2043,0.000050021
14,short,rs5_3,1,1.000000000,coherent_gmd,identical_frozen_manifest_boundaries,-0.070000000,2000,1,,0,1,0,,,0,0,0,3,,,0.065226848,0.056674014,0.156776367,0.004723492,0.020562467,sensor_y_primary_sensor_x_reference,0.095326002,0.999448906,0.004788058,44650,0.000135855,2043,0.000050021
14,short,rs5_3,1,1.000000000,gao_gmd,identical_frozen_manifest_boundaries,-0.070000000,2000,1,,0,1,0,,,0,0,0,3,,,0.049570176,0.056674014,0.156776367,0.004723492,0.020562467,sensor_y_primary_sensor_x_reference,0.095326002,0.999448906,0.004788058,44650,0.000135855,2043,0.000050021
14,short,rs5_3,1,1.000000000,duong_gmd,identical_frozen_manifest_boundaries,-0.070000000,2000,1,,0,1,0,,,0,0,0,3,,,0.070465375,0.056674014,0.156776367,0.004723492,0.020562467,sensor_y_primary_sensor_x_reference,0.095326002,0.999448906,0.004788058,44650,0.000135855,2043,0.000050021
14,short,rs5_3,1,1.000000000,gao_duong_gmd,identical_frozen_manifest_boundaries,-0.070000000,2000,1,,0,1,0,,,0,0,0,3,,,0.052346337,0.056674014,0.156776367,0.004723492,0.020562467,sensor_y_primary_sensor_x_reference,0.095326002,0.999448906,0.004788058,44650,0.000135855,2043,0.000050021
17,short,rs5_3,2,50.000000000,coherent_hard,identical_frozen_manifest_boundaries,-0.070000000,2000,0,0,11,0,0,10001011100,,0,1,0,1,792.610778663,,7.107356512,0.002916514,1.449960988,0.000030051,0.000130512,sensor_y_primary_sensor_x_reference,0.037384868,1.000079971,-0.000694591,60000,0.000251341,2260,0.000049990
17,short,rs5_3,2,50.000000000,coherent_gmd,identical_frozen_manifest_boundaries,-0.070000000,2000,0,0,11,0,0,10001011100,,0,1,0,3,792.610778663,,7.107356512,0.002916514,1.449960988,0.000030051,0.000130512,sensor_y_primary_sensor_x_reference,0.037384868,1.000079971,-0.000694591,60000,0.000251341,2260,0.000049990
17,short,rs5_3,2,50.000000000,gao_gmd,identical_frozen_manifest_boundaries,-0.070000000,2000,0,0,11,0,0,10001011100,,0,1,0,3,794.305938832,,7.148614820,0.002916514,1.449960988,0.000030051,0.000130512,sensor_y_primary_sensor_x_reference,0.037384868,1.000079971,-0.000694591,60000,0.000251341,2260,0.000049990
17,short,rs5_3,2,50.000000000,duong_gmd,identical_frozen_manifest_boundaries,-0.070000000,2000,0,0,11,0,0,10001011100,,0,1,0,3,789.010132606,,6.782344343,0.002916514,1.449960988,0.000030051,0.000130512,sensor_y_primary_sensor_x_reference,0.037384868,1.000079971,-0.000694591,60000,0.000251341,2260,0.000049990
17,short,rs5_3,2,50.000000000,gao_duong_gmd,identical_frozen_manifest_boundaries,-0.070000000,2000,0,0,11,0,0,10001011100,,0,1,0,3,790.751606248,,6.839114830,0.002916514,1.449960988,0.000030051,0.000130512,sensor_y_primary_sensor_x_reference,0.037384868,1.000079971,-0.000694591,60000,0.000251341,2260,0.000049990
19,short,rs5_3,2,25.000000000,coherent_hard,identical_frozen_manifest_boundaries,-0.070000000,2000,1,,0,1,0,,,0,0,0,1,,,0.869046067,0.011372761,-0.077703473,0.000446447,0.001939327,sensor_y_primary_sensor_x_reference,0.113953984,0.999976141,0.000207238,60000,0.000216524,2163,0.000050095
19,short,rs5_3,2,25.000000000,coherent_gmd,identical_frozen_manifest_boundaries,-0.070000000,2000,0,7,11,1,1,11111000111,"0,3",2,1,2,3,94.541208102,,0.869046067,0.011372761,-0.077703473,0.000446447,0.001939327,sensor_y_primary_sensor_x_reference,0.113953984,0.999976141,0.000207238,60000,0.000216524,2163,0.000050095
19,short,rs5_3,2,25.000000000,gao_gmd,identical_frozen_manifest_boundaries,-0.070000000,2000,1,,0,1,0,,,0,0,0,3,,,0.452445068,0.011372761,-0.077703473,0.000446447,0.001939327,sensor_y_primary_sensor_x_reference,0.113953984,0.999976141,0.000207238,60000,0.000216524,2163,0.000050095
19,short,rs5_3,2,25.000000000,duong_gmd,identical_frozen_manifest_boundaries,-0.070000000,2000,0,7,11,1,1,11111000111,"0,3",2,1,2,3,94.425638975,,0.884212414,0.011372761,-0.077703473,0.000446447,0.001939327,sensor_y_primary_sensor_x_reference,0.113953984,0.999976141,0.000207238,60000,0.000216524,2163,0.000050095
19,short,rs5_3,2,25.000000000,gao_duong_gmd,identical_frozen_manifest_boundaries,-0.070000000,2000,1,,0,1,0,,,0,0,0,3,,,0.456361526,0.011372761,-0.077703473,0.000446447,0.001939327,sensor_y_primary_sensor_x_reference,0.113953984,0.999976141,0.000207238,60000,0.000216524,2163,0.000050095
24,short,rs5_3,2,10.000000000,coherent_hard,identical_frozen_manifest_boundaries,-0.070000000,2000,1,,0,1,0,,,0,0,0,1,,,0.431784980,0.053423309,0.306111598,0.005874143,0.025586302,sensor_y_primary_sensor_x_reference,0.290654378,0.984472477,0.135928417,52334,0.000135179,2068,0.000050053
24,short,rs5_3,2,10.000000000,coherent_gmd,identical_frozen_manifest_boundaries,-0.070000000,2000,1,,0,1,0,,,0,0,0,3,,,0.431784980,0.053423309,0.306111598,0.005874143,0.025586302,sensor_y_primary_sensor_x_reference,0.290654378,0.984472477,0.135928417,52334,0.000135179,2068,0.000050053
24,short,rs5_3,2,10.000000000,gao_gmd,identical_frozen_manifest_boundaries,-0.070000000,2000,1,,0,1,0,,,0,0,0,3,,,0.000903700,0.053423309,0.306111598,0.005874143,0.025586302,sensor_y_primary_sensor_x_reference,0.290654378,0.984472477,0.135928417,52334,0.000135179,2068,0.000050053
24,short,rs5_3,2,10.000000000,duong_gmd,identical_frozen_manifest_boundaries,-0.070000000,2000,1,,0,1,0,,,0,0,0,3,,,0.428018658,0.053423309,0.306111598,0.005874143,0.025586302,sensor_y_primary_sensor_x_reference,0.290654378,0.984472477,0.135928417,52334,0.000135179,2068,0.000050053
24,short,rs5_3,2,10.000000000,gao_duong_gmd,identical_frozen_manifest_boundaries,-0.070000000,2000,1,,0,1,0,,,0,0,0,3,,,0.000644638,0.053423309,0.306111598,0.005874143,0.025586302,sensor_y_primary_sensor_x_reference,0.290654378,0.984472477,0.135928417,52334,0.000135179,2068,0.000050053
26,short,rs5_3,2,1.000000000,coherent_hard,identical_frozen_manifest_boundaries,-0.070000000,2000,1,,0,1,0,,,0,0,0,1,,,0.153482846,0.098388234,0.444792411,0.010197163,0.044513057,sensor_y_primary_sensor_x_reference,0.658888576,0.936931994,0.565838612,38175,0.000136847,2063,0.000050041
26,short,rs5_3,2,1.000000000,coherent_gmd,identical_frozen_manifest_boundaries,-0.070000000,2000,1,,0,1,0,,,0,0,0,3,,,0.153482846,0.098388234,0.444792411,0.010197163,0.044513057,sensor_y_primary_sensor_x_reference,0.658888576,0.936931994,0.565838612,38175,0.000136847,2063,0.000050041
26,short,rs5_3,2,1.000000000,gao_gmd,identical_frozen_manifest_boundaries,-0.070000000,2000,1,,0,1,0,,,0,0,0,3,,,0.004436713,0.098388234,0.444792411,0.010197163,0.044513057,sensor_y_primary_sensor_x_reference,0.658888576,0.936931994,0.565838612,38175,0.000136847,2063,0.000050041
26,short,rs5_3,2,1.000000000,duong_gmd,identical_frozen_manifest_boundaries,-0.070000000,2000,1,,0,1,0,,,0,0,0,3,,,0.155518899,0.098388234,0.444792411,0.010197163,0.044513057,sensor_y_primary_sensor_x_reference,0.658888576,0.936931994,0.565838612,38175,0.000136847,2063,0.000050041
26,short,rs5_3,2,1.000000000,gao_duong_gmd,identical_frozen_manifest_boundaries,-0.070000000,2000,1,,0,1,0,,,0,0,0,3,,,0.003030402,0.098388234,0.444792411,0.010197163,0.044513057,sensor_y_primary_sensor_x_reference,0.658888576,0.936931994,0.565838612,38175,0.000136847,2063,0.000050041
28,short,rs5_3,2,100.000000000,coherent_hard,identical_frozen_manifest_boundaries,-0.070000000,2000,0,0,11,0,0,10001011100,,0,1,0,1,848.105530852,,18.529337764,0.106701689,0.051700514,0.010297981,0.044955439,sensor_y_primary_sensor_x_reference,0.072705531,1.004383141,-0.037988286,37006,0.000137079,2066,0.000050033
28,short,rs5_3,2,100.000000000,coherent_gmd,identical_frozen_manifest_boundaries,-0.070000000,2000,0,0,11,0,0,10001011100,,0,1,0,3,848.105530852,,18.529337764,0.106701689,0.051700514,0.010297981,0.044955439,sensor_y_primary_sensor_x_reference,0.072705531,1.004383141,-0.037988286,37006,0.000137079,2066,0.000050033
28,short,rs5_3,2,100.000000000,gao_gmd,identical_frozen_manifest_boundaries,-0.070000000,2000,0,0,11,0,0,10001011100,,0,1,0,3,814.049697479,,17.603757440,0.106701689,0.051700514,0.010297981,0.044955439,sensor_y_primary_sensor_x_reference,0.072705531,1.004383141,-0.037988286,37006,0.000137079,2066,0.000050033
28,short,rs5_3,2,100.000000000,duong_gmd,identical_frozen_manifest_boundaries,-0.070000000,2000,0,0,11,0,0,10001011100,,0,1,0,3,846.245390582,,18.617845304,0.106701689,0.051700514,0.010297981,0.044955439,sensor_y_primary_sensor_x_reference,0.072705531,1.004383141,-0.037988286,37006,0.000137079,2066,0.000050033
28,short,rs5_3,2,100.000000000,gao_duong_gmd,identical_frozen_manifest_boundaries,-0.070000000,2000,0,0,11,0,0,10001011100,,0,1,0,3,812.289279234,,17.570963089,0.106701689,0.051700514,0.010297981,0.044955439,sensor_y_primary_sensor_x_reference,0.072705531,1.004383141,-0.037988286,37006,0.000137079,2066,0.000050033
31,short,rs5_3,3,25.000000000,coherent_hard,identical_frozen_manifest_boundaries,-0.070000000,2000,1,,0,1,0,,,0,0,0,1,,,0.453964996,0.016296163,0.779536479,0.000961646,0.004178385,sensor_y_primary_sensor_x_reference,0.252411464,0.995985629,0.034938559,60000,0.000227940,2038,0.000049953
31,short,rs5_3,3,25.000000000,coherent_gmd,identical_frozen_manifest_boundaries,-0.070000000,2000,1,,0,1,0,,,0,0,0,3,,,0.453964996,0.016296163,0.779536479,0.000961646,0.004178385,sensor_y_primary_sensor_x_reference,0.252411464,0.995985629,0.034938559,60000,0.000227940,2038,0.000049953
31,short,rs5_3,3,25.000000000,gao_gmd,identical_frozen_manifest_boundaries,-0.070000000,2000,1,,0,1,0,,,0,0,0,3,,,0.123011602,0.016296163,0.779536479,0.000961646,0.004178385,sensor_y_primary_sensor_x_reference,0.252411464,0.995985629,0.034938559,60000,0.000227940,2038,0.000049953
31,short,rs5_3,3,25.000000000,duong_gmd,identical_frozen_manifest_boundaries,-0.070000000,2000,1,,0,1,0,,,0,0,0,3,,,0.448075469,0.016296163,0.779536479,0.000961646,0.004178385,sensor_y_primary_sensor_x_reference,0.252411464,0.995985629,0.034938559,60000,0.000227940,2038,0.000049953
31,short,rs5_3,3,25.000000000,gao_duong_gmd,identical_frozen_manifest_boundaries,-0.070000000,2000,1,,0,1,0,,,0,0,0,3,,,0.129016602,0.016296163,0.779536479,0.000961646,0.004178385,sensor_y_primary_sensor_x_reference,0.252411464,0.995985629,0.034938559,60000,0.000227940,2038,0.000049953
36,short,rs5_3,3,10.000000000,coherent_hard,identical_frozen_manifest_boundaries,-0.070000000,2000,1,,0,1,0,,,0,0,0,1,,,0.040787995,0.029622866,0.490123732,0.001875961,0.008154848,sensor_y_primary_sensor_x_reference,0.263366903,1.003035178,-0.026323293,53201,0.000134993,2189,0.000049951
36,short,rs5_3,3,10.000000000,coherent_gmd,identical_frozen_manifest_boundaries,-0.070000000,2000,1,,0,1,0,,,0,0,0,3,,,0.040787995,0.029622866,0.490123732,0.001875961,0.008154848,sensor_y_primary_sensor_x_reference,0.263366903,1.003035178,-0.026323293,53201,0.000134993,2189,0.000049951
36,short,rs5_3,3,10.000000000,gao_gmd,identical_frozen_manifest_boundaries,-0.070000000,2000,1,,0,1,0,,,0,0,0,3,,,0.005518111,0.029622866,0.490123732,0.001875961,0.008154848,sensor_y_primary_sensor_x_reference,0.263366903,1.003035178,-0.026323293,53201,0.000134993,2189,0.000049951
36,short,rs5_3,3,10.000000000,duong_gmd,identical_frozen_manifest_boundaries,-0.070000000,2000,1,,0,1,0,,,0,0,0,3,,,0.033921251,0.029622866,0.490123732,0.001875961,0.008154848,sensor_y_primary_sensor_x_reference,0.263366903,1.003035178,-0.026323293,53201,0.000134993,2189,0.000049951
36,short,rs5_3,3,10.000000000,gao_duong_gmd,identical_frozen_manifest_boundaries,-0.070000000,2000,1,,0,1,0,,,0,0,0,3,,,0.001404225,0.029622866,0.490123732,0.001875961,0.008154848,sensor_y_primary_sensor_x_reference,0.263366903,1.003035178,-0.026323293,53201,0.000134993,2189,0.000049951
38,short,rs5_3,3,1.000000000,coherent_hard,identical_frozen_manifest_boundaries,-0.070000000,2000,1,,0,1,0,,,0,0,0,1,,,0.017572558,0.016127708,0.563706232,0.000639078,0.002776366,sensor_y_primary_sensor_x_reference,0.978383831,0.992648407,0.064091001,55752,0.000134524,2113,0.000049939
38,short,rs5_3,3,1.000000000,coherent_gmd,identical_frozen_manifest_boundaries,-0.070000000,2000,1,,0,1,0,,,0,0,0,3,,,0.017572558,0.016127708,0.563706232,0.000639078,0.002776366,sensor_y_primary_sensor_x_reference,0.978383831,0.992648407,0.064091001,55752,0.000134524,2113,0.000049939
38,short,rs5_3,3,1.000000000,gao_gmd,identical_frozen_manifest_boundaries,-0.070000000,2000,1,,0,1,0,,,0,0,0,3,,,0.003165687,0.016127708,0.563706232,0.000639078,0.002776366,sensor_y_primary_sensor_x_reference,0.978383831,0.992648407,0.064091001,55752,0.000134524,2113,0.000049939
38,short,rs5_3,3,1.000000000,duong_gmd,identical_frozen_manifest_boundaries,-0.070000000,2000,1,,0,1,0,,,0,0,0,3,,,0.019101374,0.016127708,0.563706232,0.000639078,0.002776366,sensor_y_primary_sensor_x_reference,0.978383831,0.992648407,0.064091001,55752,0.000134524,2113,0.000049939
38,short,rs5_3,3,1.000000000,gao_duong_gmd,identical_frozen_manifest_boundaries,-0.070000000,2000,1,,0,1,0,,,0,0,0,3,,,0.000849849,0.016127708,0.563706232,0.000639078,0.002776366,sensor_y_primary_sensor_x_reference,0.978383831,0.992648407,0.064091001,55752,0.000134524,2113,0.000049939
40,short,rs5_3,3,100.000000000,coherent_hard,identical_frozen_manifest_boundaries,-0.070000000,2000,0,0,11,0,0,10001011100,,0,1,0,1,263.336922439,,5.338923198,0.372372189,-0.032891321,0.039250981,0.173900505,sensor_y_primary_sensor_x_reference,0.025576977,0.991457835,0.074515015,47108,0.000140252,2034,0.000050063
40,short,rs5_3,3,100.000000000,coherent_gmd,identical_frozen_manifest_boundaries,-0.070000000,2000,0,0,11,0,0,10001011100,,0,1,0,3,263.336922439,,5.338923198,0.372372189,-0.032891321,0.039250981,0.173900505,sensor_y_primary_sensor_x_reference,0.025576977,0.991457835,0.074515015,47108,0.000140252,2034,0.000050063
40,short,rs5_3,3,100.000000000,gao_gmd,identical_frozen_manifest_boundaries,-0.070000000,2000,0,0,11,0,0,10001011100,,0,1,0,3,248.701365751,,6.282545630,0.372372189,-0.032891321,0.039250981,0.173900505,sensor_y_primary_sensor_x_reference,0.025576977,0.991457835,0.074515015,47108,0.000140252,2034,0.000050063
40,short,rs5_3,3,100.000000000,duong_gmd,identical_frozen_manifest_boundaries,-0.070000000,2000,0,0,11,0,0,10001011100,,0,1,0,3,263.335828029,,5.338888905,0.372372189,-0.032891321,0.039250981,0.173900505,sensor_y_primary_sensor_x_reference,0.025576977,0.991457835,0.074515015,47108,0.000140252,2034,0.000050063
40,short,rs5_3,3,100.000000000,gao_duong_gmd,identical_frozen_manifest_boundaries,-0.070000000,2000,0,0,11,0,0,10001011100,,0,1,0,3,248.700115224,,6.282617670,0.372372189,-0.032891321,0.039250981,0.173900505,sensor_y_primary_sensor_x_reference,0.025576977,0.991457835,0.074515015,47108,0.000140252,2034,0.000050063
45,short,rs5_3,3,50.000000000,coherent_hard,identical_frozen_manifest_boundaries,-0.070000000,2000,0,0,11,0,0,10001011100,,0,1,1,1,176.688697661,,0.384817159,0.165080954,0.366326042,0.019781011,0.086768884,sensor_y_primary_sensor_x_reference,0.052630734,1.000625778,-0.005433735,39047,0.000138028,2143,0.000050080
45,short,rs5_3,3,50.000000000,coherent_gmd,identical_frozen_manifest_boundaries,-0.070000000,2000,0,0,11,0,0,10001011100,,0,1,1,3,176.688697661,,0.384817159,0.165080954,0.366326042,0.019781011,0.086768884,sensor_y_primary_sensor_x_reference,0.052630734,1.000625778,-0.005433735,39047,0.000138028,2143,0.000050080
45,short,rs5_3,3,50.000000000,gao_gmd,identical_frozen_manifest_boundaries,-0.070000000,2000,0,0,11,0,0,10001011100,,0,1,0,3,175.644942818,,0.060763970,0.165080954,0.366326042,0.019781011,0.086768884,sensor_y_primary_sensor_x_reference,0.052630734,1.000625778,-0.005433735,39047,0.000138028,2143,0.000050080
45,short,rs5_3,3,50.000000000,duong_gmd,identical_frozen_manifest_boundaries,-0.070000000,2000,0,0,11,0,0,10001011100,,0,1,1,3,176.077434076,,0.394841795,0.165080954,0.366326042,0.019781011,0.086768884,sensor_y_primary_sensor_x_reference,0.052630734,1.000625778,-0.005433735,39047,0.000138028,2143,0.000050080
45,short,rs5_3,3,50.000000000,gao_duong_gmd,identical_frozen_manifest_boundaries,-0.070000000,2000,0,0,11,0,0,10001011100,,0,1,0,3,175.076391426,,0.075352492,0.165080954,0.366326042,0.019781011,0.086768884,sensor_y_primary_sensor_x_reference,0.052630734,1.000625778,-0.005433735,39047,0.000138028,2143,0.000050080
48,short,rs5_3,4,10.000000000,coherent_hard,identical_frozen_manifest_boundaries,-0.070000000,2000,1,,0,1,0,,,0,0,0,1,,,0.180271685,0.044092025,0.513360780,0.003133214,0.013628739,sensor_y_primary_sensor_x_reference,0.180438895,0.994738809,0.045818763,46076,0.000135623,2048,0.000050011
48,short,rs5_3,4,10.000000000,coherent_gmd,identical_frozen_manifest_boundaries,-0.070000000,2000,1,,0,1,0,,,0,0,0,3,,,0.180271685,0.044092025,0.513360780,0.003133214,0.013628739,sensor_y_primary_sensor_x_reference,0.180438895,0.994738809,0.045818763,46076,0.000135623,2048,0.000050011
48,short,rs5_3,4,10.000000000,gao_gmd,identical_frozen_manifest_boundaries,-0.070000000,2000,1,,0,1,0,,,0,0,0,3,,,0.123501059,0.044092025,0.513360780,0.003133214,0.013628739,sensor_y_primary_sensor_x_reference,0.180438895,0.994738809,0.045818763,46076,0.000135623,2048,0.000050011
48,short,rs5_3,4,10.000000000,duong_gmd,identical_frozen_manifest_boundaries,-0.070000000,2000,1,,0,1,0,,,0,0,0,3,,,0.179339253,0.044092025,0.513360780,0.003133214,0.013628739,sensor_y_primary_sensor_x_reference,0.180438895,0.994738809,0.045818763,46076,0.000135623,2048,0.000050011
48,short,rs5_3,4,10.000000000,gao_duong_gmd,identical_frozen_manifest_boundaries,-0.070000000,2000,1,,0,1,0,,,0,0,0,3,,,0.126635538,0.044092025,0.513360780,0.003133214,0.013628739,sensor_y_primary_sensor_x_reference,0.180438895,0.994738809,0.045818763,46076,0.000135623,2048,0.000050011
50,short,rs5_3,4,1.000000000,coherent_hard,identical_frozen_manifest_boundaries,-0.070000000,2000,1,,0,1,0,,,0,0,0,1,,,0.002861398,0.029197424,0.717209755,0.001980606,0.008610193,sensor_y_primary_sensor_x_reference,0.369097146,0.995619669,0.038130648,54465,0.000134776,2099,0.000050071
50,short,rs5_3,4,1.000000000,coherent_gmd,identical_frozen_manifest_boundaries,-0.070000000,2000,1,,0,1,0,,,0,0,0,3,,,0.002861398,0.029197424,0.717209755,0.001980606,0.008610193,sensor_y_primary_sensor_x_reference,0.369097146,0.995619669,0.038130648,54465,0.000134776,2099,0.000050071
50,short,rs5_3,4,1.000000000,gao_gmd,identical_frozen_manifest_boundaries,-0.070000000,2000,1,,0,1,0,,,0,0,0,3,,,0.027013046,0.029197424,0.717209755,0.001980606,0.008610193,sensor_y_primary_sensor_x_reference,0.369097146,0.995619669,0.038130648,54465,0.000134776,2099,0.000050071
50,short,rs5_3,4,1.000000000,duong_gmd,identical_frozen_manifest_boundaries,-0.070000000,2000,1,,0,1,0,,,0,0,0,3,,,0.006067901,0.029197424,0.717209755,0.001980606,0.008610193,sensor_y_primary_sensor_x_reference,0.369097146,0.995619669,0.038130648,54465,0.000134776,2099,0.000050071
50,short,rs5_3,4,1.000000000,gao_duong_gmd,identical_frozen_manifest_boundaries,-0.070000000,2000,1,,0,1,0,,,0,0,0,3,,,0.026801044,0.029197424,0.717209755,0.001980606,0.008610193,sensor_y_primary_sensor_x_reference,0.369097146,0.995619669,0.038130648,54465,0.000134776,2099,0.000050071
52,short,rs5_3,4,100.000000000,coherent_hard,identical_frozen_manifest_boundaries,-0.070000000,2000,0,0,11,0,0,10001011100,,0,1,0,1,1020.209312945,,9.644399052,0.107780177,0.084981715,0.009569902,0.041761703,sensor_y_primary_sensor_x_reference,0.054120997,0.995670670,0.037685723,36210,0.000137233,2038,0.000049981
52,short,rs5_3,4,100.000000000,coherent_gmd,identical_frozen_manifest_boundaries,-0.070000000,2000,0,0,11,0,0,10001011100,,0,1,0,3,1020.209312945,,9.644399052,0.107780177,0.084981715,0.009569902,0.041761703,sensor_y_primary_sensor_x_reference,0.054120997,0.995670670,0.037685723,36210,0.000137233,2038,0.000049981
52,short,rs5_3,4,100.000000000,gao_gmd,identical_frozen_manifest_boundaries,-0.070000000,2000,0,0,11,0,0,10001011100,,0,1,0,3,998.031222324,,9.102084295,0.107780177,0.084981715,0.009569902,0.041761703,sensor_y_primary_sensor_x_reference,0.054120997,0.995670670,0.037685723,36210,0.000137233,2038,0.000049981
52,short,rs5_3,4,100.000000000,duong_gmd,identical_frozen_manifest_boundaries,-0.070000000,2000,0,0,11,0,0,10001011100,,0,1,0,3,1020.247755416,,9.666153145,0.107780177,0.084981715,0.009569902,0.041761703,sensor_y_primary_sensor_x_reference,0.054120997,0.995670670,0.037685723,36210,0.000137233,2038,0.000049981
52,short,rs5_3,4,100.000000000,gao_duong_gmd,identical_frozen_manifest_boundaries,-0.070000000,2000,0,0,11,0,0,10001011100,,0,1,0,3,998.058009510,,9.123461728,0.107780177,0.084981715,0.009569902,0.041761703,sensor_y_primary_sensor_x_reference,0.054120997,0.995670670,0.037685723,36210,0.000137233,2038,0.000049981
57,short,rs5_3,4,50.000000000,coherent_hard,identical_frozen_manifest_boundaries,-0.070000000,2000,1,,0,1,0,,,0,0,0,1,,,2.629042494,0.113523817,0.336925891,0.014583680,0.063802495,sensor_y_primary_sensor_x_reference,0.071211603,0.992903216,0.061861655,40733,0.000136643,2147,0.000050110
57,short,rs5_3,4,50.000000000,coherent_gmd,identical_frozen_manifest_boundaries,-0.070000000,2000,0,3,11,1,1,01001001100,"0,4",2,1,2,3,317.810137738,,2.629042494,0.113523817,0.336925891,0.014583680,0.063802495,sensor_y_primary_sensor_x_reference,0.071211603,0.992903216,0.061861655,40733,0.000136643,2147,0.000050110
57,short,rs5_3,4,50.000000000,gao_gmd,identical_frozen_manifest_boundaries,-0.070000000,2000,0,3,11,1,1,01001001100,"0,4",2,1,2,3,300.891431508,,0.982929951,0.113523817,0.336925891,0.014583680,0.063802495,sensor_y_primary_sensor_x_reference,0.071211603,0.992903216,0.061861655,40733,0.000136643,2147,0.000050110
57,short,rs5_3,4,50.000000000,duong_gmd,identical_frozen_manifest_boundaries,-0.070000000,2000,0,3,11,1,1,01001001100,"0,4",2,1,2,3,318.499467549,,2.491954217,0.113523817,0.336925891,0.014583680,0.063802495,sensor_y_primary_sensor_x_reference,0.071211603,0.992903216,0.061861655,40733,0.000136643,2147,0.000050110
57,short,rs5_3,4,50.000000000,gao_duong_gmd,identical_frozen_manifest_boundaries,-0.070000000,2000,0,3,11,1,1,01001001100,"0,4",2,1,2,3,301.710468655,,0.894645587,0.113523817,0.336925891,0.014583680,0.063802495,sensor_y_primary_sensor_x_reference,0.071211603,0.992903216,0.061861655,40733,0.000136643,2147,0.000050110
59,short,rs5_3,4,25.000000000,coherent_hard,identical_frozen_manifest_boundaries,-0.070000000,2000,1,,0,1,0,,,0,0,0,1,,,0.093824046,0.294523942,0.061258496,0.025355187,0.111536240,sensor_y_primary_sensor_x_reference,0.132087543,1.037634581,-0.320888737,44673,0.000139964,2045,0.000050066
59,short,rs5_3,4,25.000000000,coherent_gmd,identical_frozen_manifest_boundaries,-0.070000000,2000,1,,0,1,0,,,0,0,0,3,,,0.093824046,0.294523942,0.061258496,0.025355187,0.111536240,sensor_y_primary_sensor_x_reference,0.132087543,1.037634581,-0.320888737,44673,0.000139964,2045,0.000050066
59,short,rs5_3,4,25.000000000,gao_gmd,identical_frozen_manifest_boundaries,-0.070000000,2000,0,0,11,0,0,10001011100,,0,1,1,3,26.018560319,,0.014029020,0.294523942,0.061258496,0.025355187,0.111536240,sensor_y_primary_sensor_x_reference,0.132087543,1.037634581,-0.320888737,44673,0.000139964,2045,0.000050066
59,short,rs5_3,4,25.000000000,duong_gmd,identical_frozen_manifest_boundaries,-0.070000000,2000,1,,0,1,0,,,0,0,0,3,,,0.092923191,0.294523942,0.061258496,0.025355187,0.111536240,sensor_y_primary_sensor_x_reference,0.132087543,1.037634581,-0.320888737,44673,0.000139964,2045,0.000050066
59,short,rs5_3,4,25.000000000,gao_duong_gmd,identical_frozen_manifest_boundaries,-0.070000000,2000,0,0,11,0,0,10001011100,,0,1,1,3,26.000059544,,0.013534831,0.294523942,0.061258496,0.025355187,0.111536240,sensor_y_primary_sensor_x_reference,0.132087543,1.037634581,-0.320888737,44673,0.000139964,2045,0.000050066
62,short,rs5_3,5,1.000000000,coherent_hard,identical_frozen_manifest_boundaries,-0.070000000,2000,1,,0,1,0,,,0,0,0,1,,,0.144302481,0.012992257,0.188539176,0.000498798,0.002166795,sensor_y_primary_sensor_x_reference,0.563622522,0.993645264,0.055372658,60000,0.000138158,2025,0.000049978
62,short,rs5_3,5,1.000000000,coherent_gmd,identical_frozen_manifest_boundaries,-0.070000000,2000,1,,0,1,0,,,0,0,0,3,,,0.144302481,0.012992257,0.188539176,0.000498798,0.002166795,sensor_y_primary_sensor_x_reference,0.563622522,0.993645264,0.055372658,60000,0.000138158,2025,0.000049978
62,short,rs5_3,5,1.000000000,gao_gmd,identical_frozen_manifest_boundaries,-0.070000000,2000,1,,0,1,0,,,0,0,0,3,,,0.059350241,0.012992257,0.188539176,0.000498798,0.002166795,sensor_y_primary_sensor_x_reference,0.563622522,0.993645264,0.055372658,60000,0.000138158,2025,0.000049978
62,short,rs5_3,5,1.000000000,duong_gmd,identical_frozen_manifest_boundaries,-0.070000000,2000,1,,0,1,0,,,0,0,0,3,,,0.143620369,0.012992257,0.188539176,0.000498798,0.002166795,sensor_y_primary_sensor_x_reference,0.563622522,0.993645264,0.055372658,60000,0.000138158,2025,0.000049978
62,short,rs5_3,5,1.000000000,gao_duong_gmd,identical_frozen_manifest_boundaries,-0.070000000,2000,1,,0,1,0,,,0,0,0,3,,,0.059537167,0.012992257,0.188539176,0.000498798,0.002166795,sensor_y_primary_sensor_x_reference,0.563622522,0.993645264,0.055372658,60000,0.000138158,2025,0.000049978
64,short,rs5_3,5,100.000000000,coherent_hard,identical_frozen_manifest_boundaries,-0.070000000,2000,0,0,11,0,0,10001011100,,0,1,0,1,1188.126792881,,13.751124806,0.040446543,-0.425952827,0.003541043,0.015405849,sensor_y_primary_sensor_x_reference,0.052275335,1.000834801,-0.007247966,54274,0.000134899,2169,0.000050076
64,short,rs5_3,5,100.000000000,coherent_gmd,identical_frozen_manifest_boundaries,-0.070000000,2000,0,0,11,0,0,10001011100,,0,1,0,3,1188.126792881,,13.751124806,0.040446543,-0.425952827,0.003541043,0.015405849,sensor_y_primary_sensor_x_reference,0.052275335,1.000834801,-0.007247966,54274,0.000134899,2169,0.000050076
64,short,rs5_3,5,100.000000000,gao_gmd,identical_frozen_manifest_boundaries,-0.070000000,2000,0,0,11,0,0,10001011100,,0,1,0,3,1178.084405496,,14.223701048,0.040446543,-0.425952827,0.003541043,0.015405849,sensor_y_primary_sensor_x_reference,0.052275335,1.000834801,-0.007247966,54274,0.000134899,2169,0.000050076
64,short,rs5_3,5,100.000000000,duong_gmd,identical_frozen_manifest_boundaries,-0.070000000,2000,0,0,11,0,0,10001011100,,0,1,0,3,1184.004053641,,13.681540390,0.040446543,-0.425952827,0.003541043,0.015405849,sensor_y_primary_sensor_x_reference,0.052275335,1.000834801,-0.007247966,54274,0.000134899,2169,0.000050076
64,short,rs5_3,5,100.000000000,gao_duong_gmd,identical_frozen_manifest_boundaries,-0.070000000,2000,0,0,11,0,0,10001011100,,0,1,0,3,1173.907781202,,14.177545087,0.040446543,-0.425952827,0.003541043,0.015405849,sensor_y_primary_sensor_x_reference,0.052275335,1.000834801,-0.007247966,54274,0.000134899,2169,0.000050076
69,short,rs5_3,5,50.000000000,coherent_hard,identical_frozen_manifest_boundaries,-0.070000000,2000,0,0,11,0,0,10001011100,,0,1,1,1,322.954090678,,1.402997417,0.037700827,0.071973667,0.003100813,0.013487582,sensor_y_primary_sensor_x_reference,0.064568379,0.997829243,0.018875453,53355,0.000134901,2038,0.000050002
69,short,rs5_3,5,50.000000000,coherent_gmd,identical_frozen_manifest_boundaries,-0.070000000,2000,0,0,11,0,0,10001011100,,0,1,1,3,322.954090678,,1.402997417,0.037700827,0.071973667,0.003100813,0.013487582,sensor_y_primary_sensor_x_reference,0.064568379,0.997829243,0.018875453,53355,0.000134901,2038,0.000050002
69,short,rs5_3,5,50.000000000,gao_gmd,identical_frozen_manifest_boundaries,-0.070000000,2000,0,0,11,0,0,10001011100,,0,1,1,3,322.102093344,,1.553521271,0.037700827,0.071973667,0.003100813,0.013487582,sensor_y_primary_sensor_x_reference,0.064568379,0.997829243,0.018875453,53355,0.000134901,2038,0.000050002
69,short,rs5_3,5,50.000000000,duong_gmd,identical_frozen_manifest_boundaries,-0.070000000,2000,0,0,11,0,0,10001011100,,0,1,1,3,323.108225243,,1.403524216,0.037700827,0.071973667,0.003100813,0.013487582,sensor_y_primary_sensor_x_reference,0.064568379,0.997829243,0.018875453,53355,0.000134901,2038,0.000050002
69,short,rs5_3,5,50.000000000,gao_duong_gmd,identical_frozen_manifest_boundaries,-0.070000000,2000,0,0,11,0,0,10001011100,,0,1,1,3,322.221186845,,1.556598902,0.037700827,0.071973667,0.003100813,0.013487582,sensor_y_primary_sensor_x_reference,0.064568379,0.997829243,0.018875453,53355,0.000134901,2038,0.000050002
71,short,rs5_3,5,25.000000000,coherent_hard,identical_frozen_manifest_boundaries,-0.070000000,2000,1,,0,1,0,,,0,0,0,1,,,0.093652155,0.288733804,0.172628152,0.034307816,0.151612837,sensor_y_primary_sensor_x_reference,0.039715314,0.991204031,0.076738810,44194,0.000139502,2057,0.000050026
71,short,rs5_3,5,25.000000000,coherent_gmd,identical_frozen_manifest_boundaries,-0.070000000,2000,1,,0,1,0,,,0,0,0,3,,,0.093652155,0.288733804,0.172628152,0.034307816,0.151612837,sensor_y_primary_sensor_x_reference,0.039715314,0.991204031,0.076738810,44194,0.000139502,2057,0.000050026
71,short,rs5_3,5,25.000000000,gao_gmd,identical_frozen_manifest_boundaries,-0.070000000,2000,1,,0,1,0,,,0,0,0,3,,,0.017283059,0.288733804,0.172628152,0.034307816,0.151612837,sensor_y_primary_sensor_x_reference,0.039715314,0.991204031,0.076738810,44194,0.000139502,2057,0.000050026
71,short,rs5_3,5,25.000000000,duong_gmd,identical_frozen_manifest_boundaries,-0.070000000,2000,1,,0,1,0,,,0,0,0,3,,,0.098421717,0.288733804,0.172628152,0.034307816,0.151612837,sensor_y_primary_sensor_x_reference,0.039715314,0.991204031,0.076738810,44194,0.000139502,2057,0.000050026
71,short,rs5_3,5,25.000000000,gao_duong_gmd,identical_frozen_manifest_boundaries,-0.070000000,2000,1,,0,1,0,,,0,0,0,3,,,0.019562975,0.288733804,0.172628152,0.034307816,0.151612837,sensor_y_primary_sensor_x_reference,0.039715314,0.991204031,0.076738810,44194,0.000139502,2057,0.000050026
73,short,rs5_3,5,10.000000000,coherent_hard,identical_frozen_manifest_boundaries,-0.070000000,2000,1,,0,1,0,,,0,0,0,1,,,0.036850196,0.072107894,0.050705193,0.007382165,0.032179259,sensor_y_primary_sensor_x_reference,0.343737726,0.975520980,0.215267716,44057,0.000135999,2040,0.000050025
73,short,rs5_3,5,10.000000000,coherent_gmd,identical_frozen_manifest_boundaries,-0.070000000,2000,1,,0,1,0,,,0,0,0,3,,,0.036850196,0.072107894,0.050705193,0.007382165,0.032179259,sensor_y_primary_sensor_x_reference,0.343737726,0.975520980,0.215267716,44057,0.000135999,2040,0.000050025
73,short,rs5_3,5,10.000000000,gao_gmd,identical_frozen_manifest_boundaries,-0.070000000,2000,1,,0,1,0,,,0,0,0,3,,,0.071448331,0.072107894,0.050705193,0.007382165,0.032179259,sensor_y_primary_sensor_x_reference,0.343737726,0.975520980,0.215267716,44057,0.000135999,2040,0.000050025
73,short,rs5_3,5,10.000000000,duong_gmd,identical_frozen_manifest_boundaries,-0.070000000,2000,1,,0,1,0,,,0,0,0,3,,,0.037240300,0.072107894,0.050705193,0.007382165,0.032179259,sensor_y_primary_sensor_x_reference,0.343737726,0.975520980,0.215267716,44057,0.000135999,2040,0.000050025
73,short,rs5_3,5,10.000000000,gao_duong_gmd,identical_frozen_manifest_boundaries,-0.070000000,2000,1,,0,1,0,,,0,0,0,3,,,0.071754927,0.072107894,0.050705193,0.007382165,0.032179259,sensor_y_primary_sensor_x_reference,0.343737726,0.975520980,0.215267716,44057,0.000135999,2040,0.000050025
76,final,rs12_6,1,100.000000000,coherent_hard,identical_frozen_manifest_boundaries,-0.070000000,2000,0,0,30,0,0,100010111000010010100111011111,,0,1,0,1,2604.597121142,,7.753314131,0.038563000,0.150271032,0.003076736,0.013382694,sensor_y_primary_sensor_x_reference,0.075826458,0.997453724,0.022144877,52058,0.000135029,2031,0.000049939
76,final,rs12_6,1,100.000000000,coherent_gmd,identical_frozen_manifest_boundaries,-0.070000000,2000,0,0,30,0,0,100010111000010010100111011111,,0,1,0,7,2604.597121142,,7.753314131,0.038563000,0.150271032,0.003076736,0.013382694,sensor_y_primary_sensor_x_reference,0.075826458,0.997453724,0.022144877,52058,0.000135029,2031,0.000049939
76,final,rs12_6,1,100.000000000,gao_gmd,identical_frozen_manifest_boundaries,-0.070000000,2000,0,0,30,0,0,100010111000010010100111011111,,0,1,0,7,2440.107737661,,11.382079741,0.038563000,0.150271032,0.003076736,0.013382694,sensor_y_primary_sensor_x_reference,0.075826458,0.997453724,0.022144877,52058,0.000135029,2031,0.000049939
76,final,rs12_6,1,100.000000000,duong_gmd,identical_frozen_manifest_boundaries,-0.070000000,2000,0,0,30,0,0,100010111000010010100111011111,,0,1,0,7,2606.435310009,,7.741003447,0.038563000,0.150271032,0.003076736,0.013382694,sensor_y_primary_sensor_x_reference,0.075826458,0.997453724,0.022144877,52058,0.000135029,2031,0.000049939
76,final,rs12_6,1,100.000000000,gao_duong_gmd,identical_frozen_manifest_boundaries,-0.070000000,2000,0,0,30,0,0,100010111000010010100111011111,,0,1,0,7,2441.596218074,,11.374667890,0.038563000,0.150271032,0.003076736,0.013382694,sensor_y_primary_sensor_x_reference,0.075826458,0.997453724,0.022144877,52058,0.000135029,2031,0.000049939
77,final,rs12_6,1,50.000000000,coherent_hard,identical_frozen_manifest_boundaries,-0.070000000,2000,1,,0,1,0,,,0,0,0,1,,,0.436802356,0.029037032,0.197337581,0.001673474,0.007273895,sensor_y_primary_sensor_x_reference,0.059165017,0.998865559,0.009859219,50824,0.000135039,2029,0.000050082
77,final,rs12_6,1,50.000000000,coherent_gmd,identical_frozen_manifest_boundaries,-0.070000000,2000,0,11,30,1,1,100011111011101000000111011000,"9,5,2,3,7,11",6,1,5,7,192.342109700,,0.436802356,0.029037032,0.197337581,0.001673474,0.007273895,sensor_y_primary_sensor_x_reference,0.059165017,0.998865559,0.009859219,50824,0.000135039,2029,0.000050082
77,final,rs12_6,1,50.000000000,gao_gmd,identical_frozen_manifest_boundaries,-0.070000000,2000,0,11,30,1,1,100011111011101000000111011000,"9,5,7,3,2,11",6,1,5,7,195.865428091,,0.863522023,0.029037032,0.197337581,0.001673474,0.007273895,sensor_y_primary_sensor_x_reference,0.059165017,0.998865559,0.009859219,50824,0.000135039,2029,0.000050082
77,final,rs12_6,1,50.000000000,duong_gmd,identical_frozen_manifest_boundaries,-0.070000000,2000,0,11,30,1,1,100011111011101000000111011000,"9,5,2,3,7,11",6,1,5,7,192.204452588,,0.431499733,0.029037032,0.197337581,0.001673474,0.007273895,sensor_y_primary_sensor_x_reference,0.059165017,0.998865559,0.009859219,50824,0.000135039,2029,0.000050082
77,final,rs12_6,1,50.000000000,gao_duong_gmd,identical_frozen_manifest_boundaries,-0.070000000,2000,0,11,30,1,1,100011111011101000000111011000,"9,5,7,3,2,11",6,1,5,7,195.755835672,,0.856561289,0.029037032,0.197337581,0.001673474,0.007273895,sensor_y_primary_sensor_x_reference,0.059165017,0.998865559,0.009859219,50824,0.000135039,2029,0.000050082
78,final,rs12_6,1,25.000000000,coherent_hard,identical_frozen_manifest_boundaries,-0.070000000,2000,1,,0,1,0,,,0,0,0,1,,,0.013466128,0.024505961,0.333475016,0.001573951,0.006840966,sensor_y_primary_sensor_x_reference,0.010711024,0.999747940,0.002189642,60000,0.000186096,2635,0.000050016
78,final,rs12_6,1,25.000000000,coherent_gmd,identical_frozen_manifest_boundaries,-0.070000000,2000,0,11,30,1,1,100011010101010011100100101011,"7,9,8,5",4,1,5,7,103.433227246,,0.013466128,0.024505961,0.333475016,0.001573951,0.006840966,sensor_y_primary_sensor_x_reference,0.010711024,0.999747940,0.002189642,60000,0.000186096,2635,0.000050016
78,final,rs12_6,1,25.000000000,gao_gmd,identical_frozen_manifest_boundaries,-0.070000000,2000,0,11,30,1,1,100011010101010011100100101011,"8,5,9,7",4,1,5,7,104.872227984,,0.000560017,0.024505961,0.333475016,0.001573951,0.006840966,sensor_y_primary_sensor_x_reference,0.010711024,0.999747940,0.002189642,60000,0.000186096,2635,0.000050016
78,final,rs12_6,1,25.000000000,duong_gmd,identical_frozen_manifest_boundaries,-0.070000000,2000,0,11,30,1,1,100011010101010011100100101011,"9,8,7,6,5,4",6,1,5,7,96.346815718,,0.010623587,0.024505961,0.333475016,0.001573951,0.006840966,sensor_y_primary_sensor_x_reference,0.010711024,0.999747940,0.002189642,60000,0.000186096,2635,0.000050016
78,final,rs12_6,1,25.000000000,gao_duong_gmd,identical_frozen_manifest_boundaries,-0.070000000,2000,0,11,30,1,1,100011010101010011100100101011,"7,8,9,5",4,1,5,7,98.358028437,,0.049784707,0.024505961,0.333475016,0.001573951,0.006840966,sensor_y_primary_sensor_x_reference,0.010711024,0.999747940,0.002189642,60000,0.000186096,2635,0.000050016
79,final,rs12_6,1,10.000000000,coherent_hard,identical_frozen_manifest_boundaries,-0.070000000,2000,1,,0,1,0,,,0,0,0,1,,,0.003274778,0.261129480,0.081568022,0.029284000,0.129078122,sensor_y_primary_sensor_x_reference,0.303374990,1.033826334,-0.288951807,42912,0.000139212,2113,0.000050092
79,final,rs12_6,1,10.000000000,coherent_gmd,identical_frozen_manifest_boundaries,-0.070000000,2000,0,11,30,1,1,111110011001010011110110111010,"2,6,10,11,0,5",6,1,6,7,33.261031455,,0.003274778,0.261129480,0.081568022,0.029284000,0.129078122,sensor_y_primary_sensor_x_reference,0.303374990,1.033826334,-0.288951807,42912,0.000139212,2113,0.000050092
79,final,rs12_6,1,10.000000000,gao_gmd,identical_frozen_manifest_boundaries,-0.070000000,2000,0,13,30,1,1,001010001010010011110010110010,"4,8,11,9",4,2,5,7,16.598443152,3.892686923,0.019127255,0.261129480,0.081568022,0.029284000,0.129078122,sensor_y_primary_sensor_x_reference,0.303374990,1.033826334,-0.288951807,42912,0.000139212,2113,0.000050092
79,final,rs12_6,1,10.000000000,duong_gmd,identical_frozen_manifest_boundaries,-0.070000000,2000,0,12,30,1,1,010100011010011011110110111011,"2,6,10,11,0,8",6,1,6,7,38.997804265,,0.006201384,0.261129480,0.081568022,0.029284000,0.129078122,sensor_y_primary_sensor_x_reference,0.303374990,1.033826334,-0.288951807,42912,0.000139212,2113,0.000050092
79,final,rs12_6,1,10.000000000,gao_duong_gmd,identical_frozen_manifest_boundaries,-0.070000000,2000,0,13,30,1,1,001010001010010011110010110010,"4,8,11,9",4,2,5,7,16.701286624,3.920690405,0.017015003,0.261129480,0.081568022,0.029284000,0.129078122,sensor_y_primary_sensor_x_reference,0.303374990,1.033826334,-0.288951807,42912,0.000139212,2113,0.000050092
80,final,rs12_6,1,1.000000000,coherent_hard,identical_frozen_manifest_boundaries,-0.070000000,2000,1,,0,1,0,,,0,0,0,1,,,0.023225073,0.038581808,0.486781210,0.004012532,0.017461262,sensor_y_primary_sensor_x_reference,1.042509261,0.997734200,0.019702818,58876,0.000134594,2133,0.000050043
80,final,rs12_6,1,1.000000000,coherent_gmd,identical_frozen_manifest_boundaries,-0.070000000,2000,0,16,30,1,1,110010100011011011011100101001,"8,0,1,4,9,7",6,1,6,7,58.258412216,,0.023225073,0.038581808,0.486781210,0.004012532,0.017461262,sensor_y_primary_sensor_x_reference,1.042509261,0.997734200,0.019702818,58876,0.000134594,2133,0.000050043
80,final,rs12_6,1,1.000000000,gao_gmd,identical_frozen_manifest_boundaries,-0.070000000,2000,0,19,30,1,1,111011100001100101101000101001,"1,2,3,9,7,0",6,1,6,7,36.179871964,,0.026247690,0.038581808,0.486781210,0.004012532,0.017461262,sensor_y_primary_sensor_x_reference,1.042509261,0.997734200,0.019702818,58876,0.000134594,2133,0.000050043
80,final,rs12_6,1,1.000000000,duong_gmd,identical_frozen_manifest_boundaries,-0.070000000,2000,0,15,30,1,1,000000111111011011010100101001,"8,0,1,9,4,11",6,1,6,7,45.022634772,,0.019340669,0.038581808,0.486781210,0.004012532,0.017461262,sensor_y_primary_sensor_x_reference,1.042509261,0.997734200,0.019702818,58876,0.000134594,2133,0.000050043
80,final,rs12_6,1,1.000000000,gao_duong_gmd,identical_frozen_manifest_boundaries,-0.070000000,2000,0,19,30,1,1,111011100001100101101000101001,"1,2,3,9,7,0",6,1,6,7,36.362153732,,0.017299081,0.038581808,0.486781210,0.004012532,0.017461262,sensor_y_primary_sensor_x_reference,1.042509261,0.997734200,0.019702818,58876,0.000134594,2133,0.000050043
81,final,rs12_6,2,50.000000000,coherent_hard,identical_frozen_manifest_boundaries,-0.070000000,2000,0,0,30,0,0,100010111000010010100111011111,,0,1,2,1,771.163407504,,0.504344466,0.067783044,0.333306158,0.007019424,0.030592470,sensor_y_primary_sensor_x_reference,0.047486433,0.997654122,0.020399977,46287,0.000135785,2004,0.000050049
81,final,rs12_6,2,50.000000000,coherent_gmd,identical_frozen_manifest_boundaries,-0.070000000,2000,0,0,30,0,0,100010111000010010100111011111,,0,1,2,7,771.163407504,,0.504344466,0.067783044,0.333306158,0.007019424,0.030592470,sensor_y_primary_sensor_x_reference,0.047486433,0.997654122,0.020399977,46287,0.000135785,2004,0.000050049
81,final,rs12_6,2,50.000000000,gao_gmd,identical_frozen_manifest_boundaries,-0.070000000,2000,0,0,30,0,0,100010111000010010100111011111,,0,1,2,7,773.867347034,,0.256510322,0.067783044,0.333306158,0.007019424,0.030592470,sensor_y_primary_sensor_x_reference,0.047486433,0.997654122,0.020399977,46287,0.000135785,2004,0.000050049
81,final,rs12_6,2,50.000000000,duong_gmd,identical_frozen_manifest_boundaries,-0.070000000,2000,0,0,30,0,0,100010111000010010100111011111,,0,1,2,7,777.930079631,,0.474103470,0.067783044,0.333306158,0.007019424,0.030592470,sensor_y_primary_sensor_x_reference,0.047486433,0.997654122,0.020399977,46287,0.000135785,2004,0.000050049
81,final,rs12_6,2,50.000000000,gao_duong_gmd,identical_frozen_manifest_boundaries,-0.070000000,2000,0,0,30,0,0,100010111000010010100111011111,,0,1,2,7,780.452270820,,0.217278284,0.067783044,0.333306158,0.007019424,0.030592470,sensor_y_primary_sensor_x_reference,0.047486433,0.997654122,0.020399977,46287,0.000135785,2004,0.000050049
82,final,rs12_6,2,25.000000000,coherent_hard,identical_frozen_manifest_boundaries,-0.070000000,2000,1,,0,1,0,,,0,0,0,1,,,0.248661986,0.048036562,-0.097058946,0.003942881,0.017157561,sensor_y_primary_sensor_x_reference,0.118454134,0.997103074,0.025198894,47967,0.000135433,2085,0.000050043
82,final,rs12_6,2,25.000000000,coherent_gmd,identical_frozen_manifest_boundaries,-0.070000000,2000,0,3,30,1,1,100010111000010110110011011111,"11,6,5,7",4,1,5,7,309.843793490,,0.248661986,0.048036562,-0.097058946,0.003942881,0.017157561,sensor_y_primary_sensor_x_reference,0.118454134,0.997103074,0.025198894,47967,0.000135433,2085,0.000050043
82,final,rs12_6,2,25.000000000,gao_gmd,identical_frozen_manifest_boundaries,-0.070000000,2000,0,10,30,1,1,100100111010110110110101000011,"11,2,7,0,6,5",6,1,6,7,176.767310594,,0.300548577,0.048036562,-0.097058946,0.003942881,0.017157561,sensor_y_primary_sensor_x_reference,0.118454134,0.997103074,0.025198894,47967,0.000135433,2085,0.000050043
82,final,rs12_6,2,25.000000000,duong_gmd,identical_frozen_manifest_boundaries,-0.070000000,2000,0,3,30,1,1,100010111000010110110011011111,"11,6,5,7",4,1,5,7,308.884882853,,0.249341797,0.048036562,-0.097058946,0.003942881,0.017157561,sensor_y_primary_sensor_x_reference,0.118454134,0.997103074,0.025198894,47967,0.000135433,2085,0.000050043
82,final,rs12_6,2,25.000000000,gao_duong_gmd,identical_frozen_manifest_boundaries,-0.070000000,2000,0,10,30,1,1,100100111010110110110101000011,"11,2,7,0,6,5",6,1,6,7,176.176487411,,0.297835315,0.048036562,-0.097058946,0.003942881,0.017157561,sensor_y_primary_sensor_x_reference,0.118454134,0.997103074,0.025198894,47967,0.000135433,2085,0.000050043
83,final,rs12_6,2,10.000000000,coherent_hard,identical_frozen_manifest_boundaries,-0.070000000,2000,1,,0,1,0,,,0,0,0,1,,,0.004610262,0.057870211,0.120379576,0.005303177,0.023092691,sensor_y_primary_sensor_x_reference,0.179386724,1.008126696,-0.070302307,46323,0.000135716,2066,0.000050039
83,final,rs12_6,2,10.000000000,coherent_gmd,identical_frozen_manifest_boundaries,-0.070000000,2000,0,13,30,1,1,100111100010000110011101010110,"6,4,3,2,1,5",6,1,6,7,37.908780471,,0.004610262,0.057870211,0.120379576,0.005303177,0.023092691,sensor_y_primary_sensor_x_reference,0.179386724,1.008126696,-0.070302307,46323,0.000135716,2066,0.000050039
83,final,rs12_6,2,10.000000000,gao_gmd,identical_frozen_manifest_boundaries,-0.070000000,2000,0,9,30,1,1,100110111000110011010110101110,"6,4,9,3,5,7",6,1,6,7,32.346046667,,0.030339887,0.057870211,0.120379576,0.005303177,0.023092691,sensor_y_primary_sensor_x_reference,0.179386724,1.008126696,-0.070302307,46323,0.000135716,2066,0.000050039
83,final,rs12_6,2,10.000000000,duong_gmd,identical_frozen_manifest_boundaries,-0.070000000,2000,0,13,30,1,1,100111100010000110011101010110,"6,3,4,2,1,5",6,1,6,7,37.927080771,,0.002603348,0.057870211,0.120379576,0.005303177,0.023092691,sensor_y_primary_sensor_x_reference,0.179386724,1.008126696,-0.070302307,46323,0.000135716,2066,0.000050039
83,final,rs12_6,2,10.000000000,gao_duong_gmd,identical_frozen_manifest_boundaries,-0.070000000,2000,0,9,30,1,1,100110111000110011010110101110,"6,4,9,3,5,7",6,1,6,7,32.346358006,,0.032835235,0.057870211,0.120379576,0.005303177,0.023092691,sensor_y_primary_sensor_x_reference,0.179386724,1.008126696,-0.070302307,46323,0.000135716,2066,0.000050039
84,final,rs12_6,2,1.000000000,coherent_hard,identical_frozen_manifest_boundaries,-0.070000000,2000,1,,0,1,0,,,0,0,0,1,,,0.021694859,0.014103184,-0.124799157,0.000583488,0.002534794,sensor_y_primary_sensor_x_reference,0.212643117,1.002332900,-0.020239713,60000,0.000137249,2094,0.000050072
84,final,rs12_6,2,1.000000000,coherent_gmd,identical_frozen_manifest_boundaries,-0.070000000,2000,0,16,30,1,1,110111100010111001000001101101,"8,2,10,11,0,9",6,1,6,7,57.766255990,,0.021694859,0.014103184,-0.124799157,0.000583488,0.002534794,sensor_y_primary_sensor_x_reference,0.212643117,1.002332900,-0.020239713,60000,0.000137249,2094,0.000050072
84,final,rs12_6,2,1.000000000,gao_gmd,identical_frozen_manifest_boundaries,-0.070000000,2000,0,12,30,1,1,000011100010001010001111101101,"8,11,6,3,0,4",6,1,6,7,83.761229952,,0.072864914,0.014103184,-0.124799157,0.000583488,0.002534794,sensor_y_primary_sensor_x_reference,0.212643117,1.002332900,-0.020239713,60000,0.000137249,2094,0.000050072
84,final,rs12_6,2,1.000000000,duong_gmd,identical_frozen_manifest_boundaries,-0.070000000,2000,0,16,30,1,1,110111100010111001000001101101,"8,2,10,11,0,9",6,1,6,7,57.313373839,,0.032019775,0.014103184,-0.124799157,0.000583488,0.002534794,sensor_y_primary_sensor_x_reference,0.212643117,1.002332900,-0.020239713,60000,0.000137249,2094,0.000050072
84,final,rs12_6,2,1.000000000,gao_duong_gmd,identical_frozen_manifest_boundaries,-0.070000000,2000,0,12,30,1,1,000011100010001010001111101101,"8,11,6,3,0,4",6,1,6,7,83.302222676,,0.061807956,0.014103184,-0.124799157,0.000583488,0.002534794,sensor_y_primary_sensor_x_reference,0.212643117,1.002332900,-0.020239713,60000,0.000137249,2094,0.000050072
85,final,rs12_6,2,100.000000000,coherent_hard,identical_frozen_manifest_boundaries,-0.070000000,2000,0,0,30,0,0,100010111000010010100111011111,,0,1,1,1,1946.327873260,,1.111033671,0.063301621,0.134986363,0.006302663,0.027458740,sensor_y_primary_sensor_x_reference,0.035734914,0.997890502,0.018342222,46517,0.000135717,2020,0.000050035
85,final,rs12_6,2,100.000000000,coherent_gmd,identical_frozen_manifest_boundaries,-0.070000000,2000,0,0,30,0,0,100010111000010010100111011111,,0,1,1,7,1946.327873260,,1.111033671,0.063301621,0.134986363,0.006302663,0.027458740,sensor_y_primary_sensor_x_reference,0.035734914,0.997890502,0.018342222,46517,0.000135717,2020,0.000050035
85,final,rs12_6,2,100.000000000,gao_gmd,identical_frozen_manifest_boundaries,-0.070000000,2000,0,0,30,0,0,100010111000010010100111011111,,0,1,0,7,1800.337979720,,1.124797550,0.063301621,0.134986363,0.006302663,0.027458740,sensor_y_primary_sensor_x_reference,0.035734914,0.997890502,0.018342222,46517,0.000135717,2020,0.000050035
85,final,rs12_6,2,100.000000000,duong_gmd,identical_frozen_manifest_boundaries,-0.070000000,2000,0,0,30,0,0,100010111000010010100111011111,,0,1,1,7,1955.881012956,,1.165576359,0.063301621,0.134986363,0.006302663,0.027458740,sensor_y_primary_sensor_x_reference,0.035734914,0.997890502,0.018342222,46517,0.000135717,2020,0.000050035
85,final,rs12_6,2,100.000000000,gao_duong_gmd,identical_frozen_manifest_boundaries,-0.070000000,2000,0,0,30,0,0,100010111000010010100111011111,,0,1,0,7,1808.803093785,,1.073034657,0.063301621,0.134986363,0.006302663,0.027458740,sensor_y_primary_sensor_x_reference,0.035734914,0.997890502,0.018342222,46517,0.000135717,2020,0.000050035
86,final,rs12_6,3,25.000000000,coherent_hard,identical_frozen_manifest_boundaries,-0.070000000,2000,1,,0,1,0,,,0,0,0,1,,,0.070892217,0.031306179,0.472182443,0.002757666,0.011992935,sensor_y_primary_sensor_x_reference,0.070497920,0.998408339,0.013836004,59263,0.000134407,2059,0.000050013
86,final,rs12_6,3,25.000000000,coherent_gmd,identical_frozen_manifest_boundaries,-0.070000000,2000,0,15,30,1,1,110010000000010111111011100000,"10,9,6,3,5,4",6,1,6,7,148.655707499,,0.070892217,0.031306179,0.472182443,0.002757666,0.011992935,sensor_y_primary_sensor_x_reference,0.070497920,0.998408339,0.013836004,59263,0.000134407,2059,0.000050013
86,final,rs12_6,3,25.000000000,gao_gmd,identical_frozen_manifest_boundaries,-0.070000000,2000,0,15,30,1,1,110010000000010111111011100000,"10,9,6,5,4,3",6,1,6,7,147.137073839,,0.046007080,0.031306179,0.472182443,0.002757666,0.011992935,sensor_y_primary_sensor_x_reference,0.070497920,0.998408339,0.013836004,59263,0.000134407,2059,0.000050013
86,final,rs12_6,3,25.000000000,duong_gmd,identical_frozen_manifest_boundaries,-0.070000000,2000,0,15,30,1,1,110010000000010111111011100000,"10,9,6,3,5,4",6,1,6,7,148.988516248,,0.070601492,0.031306179,0.472182443,0.002757666,0.011992935,sensor_y_primary_sensor_x_reference,0.070497920,0.998408339,0.013836004,59263,0.000134407,2059,0.000050013
86,final,rs12_6,3,25.000000000,gao_duong_gmd,identical_frozen_manifest_boundaries,-0.070000000,2000,0,15,30,1,1,110010000000010111111011100000,"10,9,6,5,4,3",6,1,6,7,147.457853500,,0.045672731,0.031306179,0.472182443,0.002757666,0.011992935,sensor_y_primary_sensor_x_reference,0.070497920,0.998408339,0.013836004,59263,0.000134407,2059,0.000050013
87,final,rs12_6,3,10.000000000,coherent_hard,identical_frozen_manifest_boundaries,-0.070000000,2000,1,,0,1,0,,,0,0,0,1,,,0.103344056,0.044005528,0.177270996,0.004017243,0.017481802,sensor_y_primary_sensor_x_reference,0.163292398,0.998566304,0.012461857,52257,0.000135066,2045,0.000049978
87,final,rs12_6,3,10.000000000,coherent_gmd,identical_frozen_manifest_boundaries,-0.070000000,2000,0,15,30,1,1,000100101111100010000010101101,"7,0,5,4,2,8",6,1,6,7,49.683151058,,0.103344056,0.044005528,0.177270996,0.004017243,0.017481802,sensor_y_primary_sensor_x_reference,0.163292398,0.998566304,0.012461857,52257,0.000135066,2045,0.000049978
87,final,rs12_6,3,10.000000000,gao_gmd,identical_frozen_manifest_boundaries,-0.070000000,2000,0,15,30,1,1,001010101101001010000001100010,"0,11,5,6,7,4",6,1,6,7,41.303361216,,0.010268404,0.044005528,0.177270996,0.004017243,0.017481802,sensor_y_primary_sensor_x_reference,0.163292398,0.998566304,0.012461857,52257,0.000135066,2045,0.000049978
87,final,rs12_6,3,10.000000000,duong_gmd,identical_frozen_manifest_boundaries,-0.070000000,2000,0,15,30,1,1,000100101111100010000010101101,"7,0,5,4,2,8",6,1,6,7,49.738576994,,0.105418356,0.044005528,0.177270996,0.004017243,0.017481802,sensor_y_primary_sensor_x_reference,0.163292398,0.998566304,0.012461857,52257,0.000135066,2045,0.000049978
87,final,rs12_6,3,10.000000000,gao_duong_gmd,identical_frozen_manifest_boundaries,-0.070000000,2000,0,15,30,1,1,001010101101001010000001100010,"0,11,5,6,7,4",6,1,6,7,41.298139685,,0.009179467,0.044005528,0.177270996,0.004017243,0.017481802,sensor_y_primary_sensor_x_reference,0.163292398,0.998566304,0.012461857,52257,0.000135066,2045,0.000049978
88,final,rs12_6,3,1.000000000,coherent_hard,identical_frozen_manifest_boundaries,-0.070000000,2000,1,,0,1,0,,,0,0,0,1,,,0.004603118,0.046948414,0.085800103,0.003415352,0.014858072,sensor_y_primary_sensor_x_reference,0.736482148,0.967125929,0.290339462,45577,0.000135671,2097,0.000049953
88,final,rs12_6,3,1.000000000,coherent_gmd,identical_frozen_manifest_boundaries,-0.070000000,2000,0,17,30,1,1,010110001000101100000000110011,"7,8,5,1,10,0",6,1,6,7,70.243749228,,0.004603118,0.046948414,0.085800103,0.003415352,0.014858072,sensor_y_primary_sensor_x_reference,0.736482148,0.967125929,0.290339462,45577,0.000135671,2097,0.000049953
88,final,rs12_6,3,1.000000000,gao_gmd,identical_frozen_manifest_boundaries,-0.070000000,2000,0,17,30,1,1,000110101100101100001100010000,"2,9,0,10,4,1",6,1,6,7,31.185012019,,0.012686074,0.046948414,0.085800103,0.003415352,0.014858072,sensor_y_primary_sensor_x_reference,0.736482148,0.967125929,0.290339462,45577,0.000135671,2097,0.000049953
88,final,rs12_6,3,1.000000000,duong_gmd,identical_frozen_manifest_boundaries,-0.070000000,2000,0,17,30,1,1,010110001000101100000000110011,"7,8,5,1,10,0",6,1,6,7,70.419213873,,0.010087128,0.046948414,0.085800103,0.003415352,0.014858072,sensor_y_primary_sensor_x_reference,0.736482148,0.967125929,0.290339462,45577,0.000135671,2097,0.000049953
88,final,rs12_6,3,1.000000000,gao_duong_gmd,identical_frozen_manifest_boundaries,-0.070000000,2000,0,17,30,1,1,000110101100101100001100010000,"2,10,9,0,4,1",6,1,6,7,31.353246885,,0.014862256,0.046948414,0.085800103,0.003415352,0.014858072,sensor_y_primary_sensor_x_reference,0.736482148,0.967125929,0.290339462,45577,0.000135671,2097,0.000049953
89,final,rs12_6,3,100.000000000,coherent_hard,identical_frozen_manifest_boundaries,-0.070000000,2000,0,0,30,0,0,100010111000010010100111011111,,0,1,0,1,1790.313623182,,10.610697776,0.036387591,0.095818385,0.002437057,0.010596921,sensor_y_primary_sensor_x_reference,0.048857242,1.000221171,-0.001920856,49198,0.000135246,2042,0.000050035
89,final,rs12_6,3,100.000000000,coherent_gmd,identical_frozen_manifest_boundaries,-0.070000000,2000,0,0,30,0,0,100010111000010010100111011111,,0,1,0,7,1790.313623182,,10.610697776,0.036387591,0.095818385,0.002437057,0.010596921,sensor_y_primary_sensor_x_reference,0.048857242,1.000221171,-0.001920856,49198,0.000135246,2042,0.000050035
89,final,rs12_6,3,100.000000000,gao_gmd,identical_frozen_manifest_boundaries,-0.070000000,2000,0,0,30,0,0,100010111000010010100111011111,,0,1,0,7,1749.066737145,,12.317053462,0.036387591,0.095818385,0.002437057,0.010596921,sensor_y_primary_sensor_x_reference,0.048857242,1.000221171,-0.001920856,49198,0.000135246,2042,0.000050035
89,final,rs12_6,3,100.000000000,duong_gmd,identical_frozen_manifest_boundaries,-0.070000000,2000,0,0,30,0,0,100010111000010010100111011111,,0,1,0,7,1789.555484395,,10.606935273,0.036387591,0.095818385,0.002437057,0.010596921,sensor_y_primary_sensor_x_reference,0.048857242,1.000221171,-0.001920856,49198,0.000135246,2042,0.000050035
89,final,rs12_6,3,100.000000000,gao_duong_gmd,identical_frozen_manifest_boundaries,-0.070000000,2000,0,0,30,0,0,100010111000010010100111011111,,0,1,0,7,1748.226009041,,12.313057298,0.036387591,0.095818385,0.002437057,0.010596921,sensor_y_primary_sensor_x_reference,0.048857242,1.000221171,-0.001920856,49198,0.000135246,2042,0.000050035
90,final,rs12_6,3,50.000000000,coherent_hard,identical_frozen_manifest_boundaries,-0.070000000,2000,0,0,30,0,0,100010111000010010100111011111,,0,1,1,1,536.536297208,,0.529572500,0.056110701,0.000946808,0.005286623,0.023020415,sensor_y_primary_sensor_x_reference,0.063364081,1.003362130,-0.029154106,47795,0.000135538,2040,0.000050076
90,final,rs12_6,3,50.000000000,coherent_gmd,identical_frozen_manifest_boundaries,-0.070000000,2000,0,0,30,0,0,100010111000010010100111011111,,0,1,1,7,536.536297208,,0.529572500,0.056110701,0.000946808,0.005286623,0.023020415,sensor_y_primary_sensor_x_reference,0.063364081,1.003362130,-0.029154106,47795,0.000135538,2040,0.000050076
90,final,rs12_6,3,50.000000000,gao_gmd,identical_frozen_manifest_boundaries,-0.070000000,2000,0,0,30,0,0,100010111000010010100111011111,,0,1,1,7,530.359566478,,1.124036116,0.056110701,0.000946808,0.005286623,0.023020415,sensor_y_primary_sensor_x_reference,0.063364081,1.003362130,-0.029154106,47795,0.000135538,2040,0.000050076
90,final,rs12_6,3,50.000000000,duong_gmd,identical_frozen_manifest_boundaries,-0.070000000,2000,0,0,30,0,0,100010111000010010100111011111,,0,1,1,7,537.321153317,,0.524312055,0.056110701,0.000946808,0.005286623,0.023020415,sensor_y_primary_sensor_x_reference,0.063364081,1.003362130,-0.029154106,47795,0.000135538,2040,0.000050076
90,final,rs12_6,3,50.000000000,gao_duong_gmd,identical_frozen_manifest_boundaries,-0.070000000,2000,0,0,30,0,0,100010111000010010100111011111,,0,1,1,7,531.071273038,,1.118199729,0.056110701,0.000946808,0.005286623,0.023020415,sensor_y_primary_sensor_x_reference,0.063364081,1.003362130,-0.029154106,47795,0.000135538,2040,0.000050076
91,final,rs12_6,4,10.000000000,coherent_hard,identical_frozen_manifest_boundaries,-0.070000000,2000,1,,0,1,0,,,0,0,0,1,,,0.006596602,0.038633232,-0.003221161,0.003468664,0.015090404,sensor_y_primary_sensor_x_reference,0.317265852,0.987764152,0.106934788,54903,0.000134748,2037,0.000049972
91,final,rs12_6,4,10.000000000,coherent_gmd,identical_frozen_manifest_boundaries,-0.070000000,2000,0,14,30,1,1,100011100101111101110111101110,"1,3,0,4,6,9",6,1,6,7,9.120569742,,0.006596602,0.038633232,-0.003221161,0.003468664,0.015090404,sensor_y_primary_sensor_x_reference,0.317265852,0.987764152,0.106934788,54903,0.000134748,2037,0.000049972
91,final,rs12_6,4,10.000000000,gao_gmd,identical_frozen_manifest_boundaries,-0.070000000,2000,0,11,30,1,1,111001011000010011001100001111,"4,3,9,7,1,2",6,1,6,7,21.379175247,,0.015446747,0.038633232,-0.003221161,0.003468664,0.015090404,sensor_y_primary_sensor_x_reference,0.317265852,0.987764152,0.106934788,54903,0.000134748,2037,0.000049972
91,final,rs12_6,4,10.000000000,duong_gmd,identical_frozen_manifest_boundaries,-0.070000000,2000,0,14,30,1,1,100011100101111101110111101110,"1,3,0,6,4,9",6,1,6,7,9.138364268,,0.005438767,0.038633232,-0.003221161,0.003468664,0.015090404,sensor_y_primary_sensor_x_reference,0.317265852,0.987764152,0.106934788,54903,0.000134748,2037,0.000049972
91,final,rs12_6,4,10.000000000,gao_duong_gmd,identical_frozen_manifest_boundaries,-0.070000000,2000,0,11,30,1,1,111001011000010011001100001111,"4,3,9,7,1,2",6,1,6,7,21.356621112,,0.014708605,0.038633232,-0.003221161,0.003468664,0.015090404,sensor_y_primary_sensor_x_reference,0.317265852,0.987764152,0.106934788,54903,0.000134748,2037,0.000049972
92,final,rs12_6,4,1.000000000,coherent_hard,identical_frozen_manifest_boundaries,-0.070000000,2000,1,,0,1,0,,,0,0,0,1,,,0.000406722,0.082779021,0.227627678,0.008429943,0.036765963,sensor_y_primary_sensor_x_reference,2.764420647,1.211980779,-1.669914643,42111,0.000136117,2031,0.000050039
92,final,rs12_6,4,1.000000000,coherent_gmd,identical_frozen_manifest_boundaries,-0.070000000,2000,0,18,30,1,1,110010101110110100011100100000,"7,1,5,9,6,10",6,1,6,7,9.678602495,,0.000406722,0.082779021,0.227627678,0.008429943,0.036765963,sensor_y_primary_sensor_x_reference,2.764420647,1.211980779,-1.669914643,42111,0.000136117,2031,0.000050039
92,final,rs12_6,4,1.000000000,gao_gmd,identical_frozen_manifest_boundaries,-0.070000000,2000,0,17,30,1,1,001101000100100100100100001101,"2,8,1,9,6,0",6,1,6,7,5.506108685,,0.006292461,0.082779021,0.227627678,0.008429943,0.036765963,sensor_y_primary_sensor_x_reference,2.764420647,1.211980779,-1.669914643,42111,0.000136117,2031,0.000050039
92,final,rs12_6,4,1.000000000,duong_gmd,identical_frozen_manifest_boundaries,-0.070000000,2000,0,18,30,1,1,110010101110110100011100100000,"7,9,5,1,6,10",6,1,6,7,9.687260166,,0.002454106,0.082779021,0.227627678,0.008429943,0.036765963,sensor_y_primary_sensor_x_reference,2.764420647,1.211980779,-1.669914643,42111,0.000136117,2031,0.000050039
92,final,rs12_6,4,1.000000000,gao_duong_gmd,identical_frozen_manifest_boundaries,-0.070000000,2000,0,13,30,1,1,110011100101111100101111001101,"2,1,8,9,6,4",6,1,6,7,7.616030523,,0.002675112,0.082779021,0.227627678,0.008429943,0.036765963,sensor_y_primary_sensor_x_reference,2.764420647,1.211980779,-1.669914643,42111,0.000136117,2031,0.000050039
93,final,rs12_6,4,100.000000000,coherent_hard,identical_frozen_manifest_boundaries,-0.070000000,2000,0,0,30,0,0,100010111000010010100111011111,,0,1,1,1,942.075919133,,2.044162558,0.078503561,0.309436741,0.007335916,0.031976912,sensor_y_primary_sensor_x_reference,0.082219310,1.004315833,-0.037406187,40679,0.000136164,2075,0.000050097
93,final,rs12_6,4,100.000000000,coherent_gmd,identical_frozen_manifest_boundaries,-0.070000000,2000,0,0,30,0,0,100010111000010010100111011111,,0,1,1,7,942.075919133,,2.044162558,0.078503561,0.309436741,0.007335916,0.031976912,sensor_y_primary_sensor_x_reference,0.082219310,1.004315833,-0.037406187,40679,0.000136164,2075,0.000050097
93,final,rs12_6,4,100.000000000,gao_gmd,identical_frozen_manifest_boundaries,-0.070000000,2000,0,0,30,0,0,100010111000010010100111011111,,0,1,1,7,915.503838312,,1.048247973,0.078503561,0.309436741,0.007335916,0.031976912,sensor_y_primary_sensor_x_reference,0.082219310,1.004315833,-0.037406187,40679,0.000136164,2075,0.000050097
93,final,rs12_6,4,100.000000000,duong_gmd,identical_frozen_manifest_boundaries,-0.070000000,2000,0,0,30,0,0,100010111000010010100111011111,,0,1,1,7,946.694987096,,1.800379807,0.078503561,0.309436741,0.007335916,0.031976912,sensor_y_primary_sensor_x_reference,0.082219310,1.004315833,-0.037406187,40679,0.000136164,2075,0.000050097
93,final,rs12_6,4,100.000000000,gao_duong_gmd,identical_frozen_manifest_boundaries,-0.070000000,2000,0,0,30,0,0,100010111000010010100111011111,,0,1,1,7,920.681504803,,0.827803960,0.078503561,0.309436741,0.007335916,0.031976912,sensor_y_primary_sensor_x_reference,0.082219310,1.004315833,-0.037406187,40679,0.000136164,2075,0.000050097
94,final,rs12_6,4,50.000000000,coherent_hard,identical_frozen_manifest_boundaries,-0.070000000,2000,0,0,30,0,0,100010111000010010100111011111,,0,1,0,1,1287.232367289,,2.245719703,0.021962796,0.873734954,0.001946853,0.008463318,sensor_y_primary_sensor_x_reference,0.054466473,1.001047621,-0.009094758,60000,0.000330244,2078,0.000049914
94,final,rs12_6,4,50.000000000,coherent_gmd,identical_frozen_manifest_boundaries,-0.070000000,2000,0,0,30,0,0,100010111000010010100111011111,,0,1,0,7,1287.232367289,,2.245719703,0.021962796,0.873734954,0.001946853,0.008463318,sensor_y_primary_sensor_x_reference,0.054466473,1.001047621,-0.009094758,60000,0.000330244,2078,0.000049914
94,final,rs12_6,4,50.000000000,gao_gmd,identical_frozen_manifest_boundaries,-0.070000000,2000,0,0,30,0,0,100010111000010010100111011111,,0,1,0,7,1281.967274175,,1.670866447,0.021962796,0.873734954,0.001946853,0.008463318,sensor_y_primary_sensor_x_reference,0.054466473,1.001047621,-0.009094758,60000,0.000330244,2078,0.000049914
94,final,rs12_6,4,50.000000000,duong_gmd,identical_frozen_manifest_boundaries,-0.070000000,2000,0,0,30,0,0,100010111000010010100111011111,,0,1,0,7,1300.692756104,,2.194344610,0.021962796,0.873734954,0.001946853,0.008463318,sensor_y_primary_sensor_x_reference,0.054466473,1.001047621,-0.009094758,60000,0.000330244,2078,0.000049914
94,final,rs12_6,4,50.000000000,gao_duong_gmd,identical_frozen_manifest_boundaries,-0.070000000,2000,0,0,30,0,0,100010111000010010100111011111,,0,1,0,7,1295.279300251,,1.579285879,0.021962796,0.873734954,0.001946853,0.008463318,sensor_y_primary_sensor_x_reference,0.054466473,1.001047621,-0.009094758,60000,0.000330244,2078,0.000049914
95,final,rs12_6,4,25.000000000,coherent_hard,identical_frozen_manifest_boundaries,-0.070000000,2000,1,,0,1,0,,,0,0,0,1,,,0.237596370,0.066595814,0.424057158,0.005876969,0.025598649,sensor_y_primary_sensor_x_reference,0.072033004,1.000033411,-0.000290200,42441,0.000136209,2124,0.000050079
95,final,rs12_6,4,25.000000000,coherent_gmd,identical_frozen_manifest_boundaries,-0.070000000,2000,0,10,30,1,1,100011111101011110011001011111,"10,3,7,4,2,11",6,1,6,7,164.697238066,,0.237596370,0.066595814,0.424057158,0.005876969,0.025598649,sensor_y_primary_sensor_x_reference,0.072033004,1.000033411,-0.000290200,42441,0.000136209,2124,0.000050079
95,final,rs12_6,4,25.000000000,gao_gmd,identical_frozen_manifest_boundaries,-0.070000000,2000,0,9,30,1,1,100011111110110001000010011111,"7,2,3,4,10,9",6,1,6,7,152.835262797,,0.372660883,0.066595814,0.424057158,0.005876969,0.025598649,sensor_y_primary_sensor_x_reference,0.072033004,1.000033411,-0.000290200,42441,0.000136209,2124,0.000050079
95,final,rs12_6,4,25.000000000,duong_gmd,identical_frozen_manifest_boundaries,-0.070000000,2000,0,10,30,1,1,100011111101011110011001011111,"10,3,7,4,2,11",6,1,6,7,164.704032848,,0.223378203,0.066595814,0.424057158,0.005876969,0.025598649,sensor_y_primary_sensor_x_reference,0.072033004,1.000033411,-0.000290200,42441,0.000136209,2124,0.000050079
95,final,rs12_6,4,25.000000000,gao_duong_gmd,identical_frozen_manifest_boundaries,-0.070000000,2000,0,9,30,1,1,100011111110110001000010011111,"7,2,3,4,10,9",6,1,6,7,153.050744810,,0.374462962,0.066595814,0.424057158,0.005876969,0.025598649,sensor_y_primary_sensor_x_reference,0.072033004,1.000033411,-0.000290200,42441,0.000136209,2124,0.000050079
96,final,rs12_6,5,1.000000000,coherent_hard,identical_frozen_manifest_boundaries,-0.070000000,2000,1,,0,1,0,,,0,0,0,1,,,0.023518351,0.051115765,-0.002260216,0.005314880,0.023143789,sensor_y_primary_sensor_x_reference,0.937604351,0.952373936,0.423849969,53043,0.000135124,2057,0.000049980
96,final,rs12_6,5,1.000000000,coherent_gmd,identical_frozen_manifest_boundaries,-0.070000000,2000,0,14,30,1,1,001011100011011111100101001100,"10,8,7,0,6,1",6,1,6,7,46.848967921,,0.023518351,0.051115765,-0.002260216,0.005314880,0.023143789,sensor_y_primary_sensor_x_reference,0.937604351,0.952373936,0.423849969,53043,0.000135124,2057,0.000049980
96,final,rs12_6,5,1.000000000,gao_gmd,identical_frozen_manifest_boundaries,-0.070000000,2000,0,13,30,1,1,111010110111011110100110101001,"4,5,6,0,3,10",6,1,6,7,72.542622414,,0.035703517,0.051115765,-0.002260216,0.005314880,0.023143789,sensor_y_primary_sensor_x_reference,0.937604351,0.952373936,0.423849969,53043,0.000135124,2057,0.000049980
96,final,rs12_6,5,1.000000000,duong_gmd,identical_frozen_manifest_boundaries,-0.070000000,2000,0,12,30,1,1,101000001011011111100101010011,"10,8,7,6,5,1",6,1,6,7,44.382191014,,0.042462891,0.051115765,-0.002260216,0.005314880,0.023143789,sensor_y_primary_sensor_x_reference,0.937604351,0.952373936,0.423849969,53043,0.000135124,2057,0.000049980
96,final,rs12_6,5,1.000000000,gao_duong_gmd,identical_frozen_manifest_boundaries,-0.070000000,2000,0,13,30,1,1,111010110111011110100110101001,"5,4,6,0,3,10",6,1,6,7,71.800363191,,0.017725030,0.051115765,-0.002260216,0.005314880,0.023143789,sensor_y_primary_sensor_x_reference,0.937604351,0.952373936,0.423849969,53043,0.000135124,2057,0.000049980
97,final,rs12_6,5,100.000000000,coherent_hard,identical_frozen_manifest_boundaries,-0.070000000,2000,0,0,30,0,0,100010111000010010100111011111,,0,1,0,1,3359.776422487,,16.505870862,0.017584243,0.066623298,0.001027532,0.004464810,sensor_y_primary_sensor_x_reference,0.041986726,0.999432243,0.004932876,60000,0.000187301,2058,0.000050079
97,final,rs12_6,5,100.000000000,coherent_gmd,identical_frozen_manifest_boundaries,-0.070000000,2000,0,0,30,0,0,100010111000010010100111011111,,0,1,0,7,3359.776422487,,16.505870862,0.017584243,0.066623298,0.001027532,0.004464810,sensor_y_primary_sensor_x_reference,0.041986726,0.999432243,0.004932876,60000,0.000187301,2058,0.000050079
97,final,rs12_6,5,100.000000000,gao_gmd,identical_frozen_manifest_boundaries,-0.070000000,2000,0,0,30,0,0,100010111000010010100111011111,,0,1,0,7,3236.198162868,,15.237659162,0.017584243,0.066623298,0.001027532,0.004464810,sensor_y_primary_sensor_x_reference,0.041986726,0.999432243,0.004932876,60000,0.000187301,2058,0.000050079
97,final,rs12_6,5,100.000000000,duong_gmd,identical_frozen_manifest_boundaries,-0.070000000,2000,0,0,30,0,0,100010111000010010100111011111,,0,1,0,7,3355.820465829,,16.508642875,0.017584243,0.066623298,0.001027532,0.004464810,sensor_y_primary_sensor_x_reference,0.041986726,0.999432243,0.004932876,60000,0.000187301,2058,0.000050079
97,final,rs12_6,5,100.000000000,gao_duong_gmd,identical_frozen_manifest_boundaries,-0.070000000,2000,0,0,30,0,0,100010111000010010100111011111,,0,1,0,7,3232.594792305,,15.241244645,0.017584243,0.066623298,0.001027532,0.004464810,sensor_y_primary_sensor_x_reference,0.041986726,0.999432243,0.004932876,60000,0.000187301,2058,0.000050079
98,final,rs12_6,5,50.000000000,coherent_hard,identical_frozen_manifest_boundaries,-0.070000000,2000,0,0,30,0,0,100010111000010010100111011111,,0,1,3,1,1020.065415501,,0.016126262,0.026551647,0.502241787,0.002105719,0.009154661,sensor_y_primary_sensor_x_reference,0.111558665,1.002934520,-0.025451587,60000,0.000142320,2033,0.000050048
98,final,rs12_6,5,50.000000000,coherent_gmd,identical_frozen_manifest_boundaries,-0.070000000,2000,0,0,30,0,0,100010111000010010100111011111,,0,2,3,7,1020.065415501,577.921556986,0.016126262,0.026551647,0.502241787,0.002105719,0.009154661,sensor_y_primary_sensor_x_reference,0.111558665,1.002934520,-0.025451587,60000,0.000142320,2033,0.000050048
98,final,rs12_6,5,50.000000000,gao_gmd,identical_frozen_manifest_boundaries,-0.070000000,2000,0,0,30,0,0,100010111000010010100111011111,,0,2,3,7,1013.298411661,569.339561819,0.021004077,0.026551647,0.502241787,0.002105719,0.009154661,sensor_y_primary_sensor_x_reference,0.111558665,1.002934520,-0.025451587,60000,0.000142320,2033,0.000050048
98,final,rs12_6,5,50.000000000,duong_gmd,identical_frozen_manifest_boundaries,-0.070000000,2000,0,0,30,0,0,100010111000010010100111011111,,0,2,3,7,1021.913353508,579.014567240,0.018825388,0.026551647,0.502241787,0.002105719,0.009154661,sensor_y_primary_sensor_x_reference,0.111558665,1.002934520,-0.025451587,60000,0.000142320,2033,0.000050048
98,final,rs12_6,5,50.000000000,gao_duong_gmd,identical_frozen_manifest_boundaries,-0.070000000,2000,0,0,30,0,0,100010111000010010100111011111,,0,2,3,7,1015.185803317,570.456139011,0.022776692,0.026551647,0.502241787,0.002105719,0.009154661,sensor_y_primary_sensor_x_reference,0.111558665,1.002934520,-0.025451587,60000,0.000142320,2033,0.000050048
99,final,rs12_6,5,25.000000000,coherent_hard,identical_frozen_manifest_boundaries,-0.070000000,2000,1,,0,1,0,,,0,0,0,1,,,0.169150543,0.045626767,-0.030694347,0.004148510,0.018054224,sensor_y_primary_sensor_x_reference,0.120076192,0.995637096,0.037978611,51375,0.000135116,2031,0.000049955
99,final,rs12_6,5,25.000000000,coherent_gmd,identical_frozen_manifest_boundaries,-0.070000000,2000,0,7,30,1,1,101001110010011000100111011111,"6,1,9,7,0,3",6,1,6,7,151.312047823,,0.169150543,0.045626767,-0.030694347,0.004148510,0.018054224,sensor_y_primary_sensor_x_reference,0.120076192,0.995637096,0.037978611,51375,0.000135116,2031,0.000049955
99,final,rs12_6,5,25.000000000,gao_gmd,identical_frozen_manifest_boundaries,-0.070000000,2000,0,12,30,1,1,001010100001101111010111011111,"3,7,1,9,2,0",6,1,6,7,78.260434316,,0.067134151,0.045626767,-0.030694347,0.004148510,0.018054224,sensor_y_primary_sensor_x_reference,0.120076192,0.995637096,0.037978611,51375,0.000135116,2031,0.000049955
99,final,rs12_6,5,25.000000000,duong_gmd,identical_frozen_manifest_boundaries,-0.070000000,2000,0,7,30,1,1,101001110010011000100111011111,"6,1,9,7,0,3",6,1,6,7,151.297450911,,0.177944683,0.045626767,-0.030694347,0.004148510,0.018054224,sensor_y_primary_sensor_x_reference,0.120076192,0.995637096,0.037978611,51375,0.000135116,2031,0.000049955
99,final,rs12_6,5,25.000000000,gao_duong_gmd,identical_frozen_manifest_boundaries,-0.070000000,2000,0,12,30,1,1,001010100001101111010111011111,"3,7,1,9,2,0",6,1,6,7,78.262402569,,0.066345771,0.045626767,-0.030694347,0.004148510,0.018054224,sensor_y_primary_sensor_x_reference,0.120076192,0.995637096,0.037978611,51375,0.000135116,2031,0.000049955
100,final,rs12_6,5,10.000000000,coherent_hard,identical_frozen_manifest_boundaries,-0.070000000,2000,1,,0,1,0,,,0,0,0,1,,,0.103943236,0.085401148,0.030491512,0.016468475,0.072117150,sensor_y_primary_sensor_x_reference,0.545747626,1.022205862,-0.190767345,55293,0.000135407,1987,0.000049993
100,final,rs12_6,5,10.000000000,coherent_gmd,identical_frozen_manifest_boundaries,-0.070000000,2000,0,15,30,1,1,000101111101001110101010010010,"5,0,11,9",4,1,5,7,110.880471795,,0.103943236,0.085401148,0.030491512,0.016468475,0.072117150,sensor_y_primary_sensor_x_reference,0.545747626,1.022205862,-0.190767345,55293,0.000135407,1987,0.000049993
100,final,rs12_6,5,10.000000000,gao_gmd,identical_frozen_manifest_boundaries,-0.070000000,2000,0,17,30,1,1,110111111101001000011001100101,"4,5,6,10,3,7",6,1,6,7,46.290840558,,0.005547977,0.085401148,0.030491512,0.016468475,0.072117150,sensor_y_primary_sensor_x_reference,0.545747626,1.022205862,-0.190767345,55293,0.000135407,1987,0.000049993
100,final,rs12_6,5,10.000000000,duong_gmd,identical_frozen_manifest_boundaries,-0.070000000,2000,0,15,30,1,1,000101111101001110101010010010,"5,11,9,0",4,1,5,7,109.275361593,,0.077802594,0.085401148,0.030491512,0.016468475,0.072117150,sensor_y_primary_sensor_x_reference,0.545747626,1.022205862,-0.190767345,55293,0.000135407,1987,0.000049993
100,final,rs12_6,5,10.000000000,gao_duong_gmd,identical_frozen_manifest_boundaries,-0.070000000,2000,0,17,30,1,1,110111111101001000011001100101,"5,4,6,3,10,7",6,1,6,7,46.114686044,,0.038933909,0.085401148,0.030491512,0.016468475,0.072117150,sensor_y_primary_sensor_x_reference,0.545747626,1.022205862,-0.190767345,55293,0.000135407,1987,0.000049993
