sequence,phase,duty_percent,expected,start_offset_s,preamble_score,layered,successful_layers,coherent_slnn,coherent_full_header,coherent_full_letter,accepted
1,train,100.0,A,48.180,1.009094,A,"naive-max,L1,L2,L3,L4",A,0x7E,A,1
2,train,100.0,B,119.220,0.799798,B,"L1,L2,L3,L4",B,0x7E,B,1
3,train,100.0,C,190.235,0.904061,C,"naive-max,L2,L3,L4",C,0x7E,C,1
4,train,100.0,D,261.245,0.818990,D,,D,0x7E,D,0
5,train,100.0,E,332.285,0.906784,E,"L2,L3,L4",E,0x7E,E,1
6,test,100.0,F,403.190,0.908676,F,"L2,L3,L4",F,0x7E,F,1
7,train,50.0,A,474.210,0.869770,A,"L2,L3,L4",A,0x7E,A,1
8,train,50.0,B,545.285,0.910272,B,"naive-max,L1,L2,L3,L4",B,0x7E,B,1
9,train,50.0,C,616.240,0.885348,C,"L1,L2,L3,L4",C,0x7E,C,1
10,train,50.0,D,687.295,0.917871,D,"L1,L2,L3,L4",D,0x7E,D,1
11,train,50.0,E,758.240,0.873874,E,"L2,L3,L4",E,0x7E,E,1
12,test,50.0,G,829.190,0.704526,G,"L2,L3,L4",G,0x7E,G,1
13,train,25.0,A,900.240,0.677922,A,L4,A,0x7E,A,1
14,train,25.0,B,971.330,0.895343,B,"L2,L3,L4",B,0x7E,B,1
15,train,25.0,C,1042.340,0.946912,\xc3,,C,0x7E,C,0
16,train,25.0,D,1113.315,0.612941,D,"L2,L3",D,0x7E,D,1
17,train,25.0,E,1184.200,0.540351,\xc1,,E,0x7E,E,0
18,test,25.0,H,1255.090,0.466739,A,,H,0x7E,H,0
19,train,10.0,A,1323.535,0.436399,\x0e,,N,0x7E,\xae,0
20,train,10.0,B,1398.615,0.273458,m,,M,0xA6,\xdd,0
21,train,10.0,C,1467.305,0.268438,U,,G,0x7E,\xa0,0
22,train,10.0,D,1540.365,0.396374,\xbc,,N,0x7E,\xae,0
23,train,10.0,E,1611.635,0.284000,\xd7,,A,0xEE,A,0
24,test,10.0,I,1679.190,0.287309,\xea,,H,0x74,\xd8,0
25,train,1.0,A,1754.615,0.460169,=,,D,0x73,\xf4,0
26,train,1.0,B,1823.205,0.479899,\x10,,V,0xFD,&,0
27,train,1.0,C,1896.605,0.447190,\x07,,C,0x76,\x03,0
28,train,1.0,D,1963.410,0.395441,:,,M,0xEE,=,0
29,train,1.0,E,2033.645,0.477595,\x05,,G,0xDE,\xd7,0
30,test,1.0,J,2109.910,0.355336,\x90,,V,0x7A,\x06,0
