sequence,phase,duty_percent,expected,baseline_known_header,baseline_known_payload,baseline_known_ok,baseline_sync_header,baseline_sync_payload,baseline_sync_ok,baseline_preamble,baseline_h0_threshold,baseline_h0_accepted,baseline_legacy_accepted,baseline_shift_seconds,zca_known_header,zca_known_payload,zca_known_ok,zca_sync_header,zca_sync_payload,zca_sync_ok,zca_preamble,zca_h0_threshold,zca_h0_accepted,zca_legacy_accepted,zca_shift_seconds,var_known_header,var_known_payload,var_known_ok,var_sync_header,var_sync_payload,var_sync_ok,var_preamble,var_h0_threshold,var_h0_accepted,var_legacy_accepted,var_shift_seconds,kalman_known_header,kalman_known_payload,kalman_known_ok,kalman_sync_header,kalman_sync_payload,kalman_sync_ok,kalman_preamble,kalman_h0_threshold,kalman_h0_accepted,kalman_legacy_accepted,kalman_shift_seconds,gru_known_header,gru_known_payload,gru_known_ok,gru_sync_header,gru_sync_payload,gru_sync_ok,gru_preamble,gru_h0_threshold,gru_h0_accepted,gru_legacy_accepted,gru_shift_seconds,tcn_known_header,tcn_known_payload,tcn_known_ok,tcn_sync_header,tcn_sync_payload,tcn_sync_ok,tcn_preamble,tcn_h0_threshold,tcn_h0_accepted,tcn_legacy_accepted,tcn_shift_seconds
1,train,100.0,A,0x7E,0x41,1,0x7E,0x41,1,1.0090917973175557,0.1927863854833696,1,1,0.0,0x7E,0x41,1,0x7E,0x41,1,1.1170115872886563,0.3469780906032286,1,1,0.11,0x7E,0x41,1,0x7E,0x41,1,1.0106242130958334,0.11233737980599694,1,1,0.015,0x7E,0x41,1,0x7E,0x41,1,1.3171257569071742,0.35726761661716105,1,1,0.035,0x7E,0x41,1,0x7E,0x41,1,1.0134376720830718,0.23758465900630943,1,1,0.125,0x7E,0x41,1,0x7E,0x41,1,0.5901285211582825,0.5445116374739472,1,0,0.085
2,train,100.0,B,0x7E,0x42,1,0x7E,0x42,1,0.7997949180639738,0.1927863854833696,1,0,0.04,0x7E,0x42,1,0x7E,0x42,1,1.1970870042797421,0.3469780906032286,1,1,0.09,0x7E,0x42,1,0x7E,0x42,1,1.000466858202619,0.11233737980599694,1,1,-0.03,0x7E,0x42,1,0x7E,0x42,1,1.352233534497507,0.35726761661716105,1,1,0.03,0x7E,0x42,1,0x7E,0x42,1,1.1115704617516482,0.23758465900630943,1,1,0.09,0x7E,0x42,1,0x7E,0x42,1,0.722215520762561,0.5445116374739472,1,0,0.22
3,train,100.0,C,0x7E,0x43,1,0x7E,0x43,1,0.9040743853524702,0.1927863854833696,1,1,0.055,0x7E,0x43,1,0x7E,0x43,1,1.146353707353281,0.3469780906032286,1,1,0.03,0x7E,0x43,1,0x7E,0x43,1,0.8843357824465152,0.11233737980599694,1,1,-0.07,0x7E,0x43,1,0x7E,0x43,1,1.2908276326967014,0.35726761661716105,1,1,0.035,0x7E,0x43,1,0x7E,0x43,1,1.0669620002841689,0.23758465900630943,1,1,0.03,0x7E,0x43,1,0x7E,0x43,1,1.2291134372654189,0.5445116374739472,1,1,0.105
4,train,100.0,D,0x7E,0x44,1,0x7E,0x44,1,0.818991242299421,0.1927863854833696,1,1,0.065,0x7E,0x44,1,0x7E,0x44,1,1.08354660410882,0.3469780906032286,1,1,0.075,0x7E,0x44,1,0x7E,0x44,1,0.5304470088700277,0.11233737980599694,1,0,-0.145,0x7E,0x44,1,0x7E,0x44,1,0.9643001212971154,0.35726761661716105,1,1,0.075,0x7E,0x44,1,0x7E,0x44,1,1.0869874006715756,0.23758465900630943,1,1,0.065,0x7E,0x44,1,0x7E,0x44,1,1.4313944201164508,0.5445116374739472,1,1,0.1
5,train,100.0,E,0x7E,0x45,1,0x7E,0x45,1,0.9068010933822953,0.1927863854833696,1,1,0.105,0x7E,0x45,1,0x7E,0x45,1,1.2427425481995802,0.3469780906032286,1,1,-0.01,0x7E,0x40,0,0x7E,0x40,0,0.5677317060636099,0.11233737980599694,0,0,-0.565,0x7E,0x45,1,0x7E,0x45,1,0.9561885783434945,0.35726761661716105,1,1,-0.07,0x7E,0x45,1,0x7E,0x45,1,1.2233373006813615,0.23758465900630943,1,1,-0.015,0x7E,0x45,1,0x7E,0x45,1,1.5563513965029339,0.5445116374739472,1,1,0.035
6,test,100.0,F,0x7E,0x46,1,0x7E,0x46,1,0.90866228752297,0.1927863854833696,1,1,0.01,0x7E,0x46,1,0x7E,0x46,1,1.0143832760852536,0.3469780906032286,1,1,-0.01,0x7E,0x46,1,0x7E,0x46,1,0.7822402799627854,0.11233737980599694,1,0,-0.64,0x7E,0x42,0,0x7E,0x46,1,0.8130343682064783,0.35726761661716105,1,1,-0.2,0x7E,0x46,1,0x7E,0x46,1,1.0498805733056553,0.23758465900630943,1,1,0.02,0x7E,0x46,1,0x7E,0x46,1,1.4924593940746556,0.5445116374739472,1,1,-0.005
7,train,50.0,A,0x7E,0x41,1,0x7E,0x41,1,0.8697763761071425,0.1927863854833696,1,1,0.03,0x7E,0x41,1,0x7E,0x41,1,0.845242348168833,0.3469780906032286,1,1,0.085,0x7E,0xC1,0,0x7E,0x41,1,0.660756472067143,0.11233737980599694,1,0,-0.615,0x7E,0x41,1,0x7E,0x41,1,0.6422601455540742,0.35726761661716105,1,0,-0.06,0x7E,0x41,1,0x7E,0x41,1,0.8900167197493573,0.23758465900630943,1,1,0.09,0x7E,0x41,1,0x7E,0x41,1,1.3726165298524444,0.5445116374739472,1,1,0.09
8,train,50.0,B,0x7E,0x42,1,0x7E,0x42,1,0.9102748552933401,0.1927863854833696,1,1,0.105,0x7E,0x42,1,0x7E,0x42,1,0.8017898951399857,0.3469780906032286,1,1,0.135,0xB9,0x51,0,0x7E,0x42,1,0.6475475807652618,0.11233737980599694,1,0,-0.515,0x7E,0x4B,0,0x7E,0x4B,0,0.7327368013110734,0.35726761661716105,0,0,-0.025,0x7E,0x42,1,0x7E,0x42,1,0.8346015293225575,0.23758465900630943,1,1,0.145,0x7E,0x42,1,0x7E,0x42,1,1.1911685420424942,0.5445116374739472,1,1,0.14
9,train,50.0,C,0x7E,0x43,1,0x7E,0x43,1,0.8853632537666736,0.1927863854833696,1,1,0.06,0x7E,0x43,1,0x7E,0x43,1,1.057492744020346,0.3469780906032286,1,1,0.08,0x7E,0x96,0,0x7E,0x46,0,0.8996148703269106,0.11233737980599694,0,0,-0.575,0x9E,0x43,0,0x7E,0x03,0,1.0200158781266002,0.35726761661716105,0,0,-0.245,0x7E,0x43,1,0x7E,0x43,1,1.099443896851093,0.23758465900630943,1,1,0.08,0x7E,0x43,1,0x7E,0x43,1,0.8350241562003571,0.5445116374739472,1,1,-0.045
10,train,50.0,D,0x7E,0x44,1,0x7E,0x44,1,0.9178688452971926,0.1927863854833696,1,1,0.115,0x7E,0x44,1,0x7E,0x44,1,1.1068189206990284,0.3469780906032286,1,1,0.08,0x7E,0x44,1,0x7E,0x44,1,0.9298666142931593,0.11233737980599694,1,1,0.12,0x7E,0x44,1,0x7E,0x44,1,1.098317066135749,0.35726761661716105,1,1,0.04,0x7E,0x44,1,0x7E,0x44,1,1.1225958029229384,0.23758465900630943,1,1,0.07,0x7E,0x44,1,0x7E,0x44,1,0.7984606423935404,0.5445116374739472,1,0,0.065
11,train,50.0,E,0x7E,0x45,1,0x7E,0x45,1,0.873862792940296,0.1927863854833696,1,1,0.06,0x7E,0x45,1,0x7E,0x45,1,1.3154812511784604,0.3469780906032286,1,1,0.11,0x7E,0x45,1,0x7E,0x45,1,1.082653414897298,0.11233737980599694,1,1,0.075,0x7E,0x45,1,0x7E,0x45,1,1.362345918148738,0.35726761661716105,1,1,0.075,0x7E,0x45,1,0x7E,0x45,1,1.323203348727447,0.23758465900630943,1,1,0.115,0x7E,0x45,1,0x7E,0x45,1,0.9534901388756832,0.5445116374739472,1,1,0.2
12,test,50.0,G,0x7E,0x47,1,0x7E,0x47,1,0.7045360729515301,0.1927863854833696,1,0,0.01,0x7E,0x47,1,0x7E,0x47,1,0.9106951347993405,0.3469780906032286,1,1,0.055,0x7E,0x47,1,0x7E,0x47,1,0.8347721425598273,0.11233737980599694,1,1,-0.01,0x7E,0x47,1,0x7E,0x47,1,1.0098588231621202,0.35726761661716105,1,1,0.095,0x7E,0x47,1,0x7E,0x47,1,0.9411770090533769,0.23758465900630943,1,1,0.05,0x7E,0x47,1,0x7E,0x47,1,0.5690716616224649,0.5445116374739472,1,0,0.16
13,train,25.0,A,0x7E,0x41,1,0x7E,0x41,1,0.6779541358899808,0.1927863854833696,1,0,0.06,0x7E,0x41,1,0x7E,0x41,1,0.9123469313159138,0.3469780906032286,1,1,0.04,0x7E,0x41,1,0x7E,0x41,1,0.9370012942169559,0.11233737980599694,1,1,0.115,0x7E,0x41,1,0x7E,0x41,1,1.0648706132605557,0.35726761661716105,1,1,0.125,0x7E,0x41,1,0x7E,0x41,1,0.9320407125436576,0.23758465900630943,1,1,0.025,0x7E,0x41,1,0x7E,0x41,1,0.7651480532538184,0.5445116374739472,1,0,0.19
14,train,25.0,B,0x7E,0x42,1,0x7E,0x42,1,0.895308952298237,0.1927863854833696,1,1,0.15,0x7E,0x42,1,0x7E,0x42,1,1.169128868784163,0.3469780906032286,1,1,0.21,0x7E,0x42,1,0x7E,0x42,1,1.0015232434969727,0.11233737980599694,1,1,0.15,0x7E,0x42,1,0x7E,0x42,1,1.3134547614525998,0.35726761661716105,1,1,0.23,0x7E,0x42,1,0x7E,0x42,1,1.1628148146488302,0.23758465900630943,1,1,0.21,0x7E,0x42,1,0x7E,0x42,1,0.9906041830927417,0.5445116374739472,1,1,0.265
15,train,25.0,C,0x7E,0x43,1,0x7E,0x43,1,0.9469029607289063,0.1927863854833696,1,1,0.16,0x7E,0x43,1,0x7E,0x43,1,1.2641573673130564,0.3469780906032286,1,1,0.125,0x7E,0x43,1,0x7E,0x43,1,1.0467161640649283,0.11233737980599694,1,1,0.195,0x7E,0x43,1,0x7E,0x43,1,1.3245391519463015,0.35726761661716105,1,1,0.27,0x7E,0x43,1,0x7E,0x43,1,1.2397271943636903,0.23758465900630943,1,1,0.12,0x7E,0x43,1,0x7E,0x43,1,1.0044085702107224,0.5445116374739472,1,1,0.165
16,train,25.0,D,0x7E,0x44,1,0x7E,0x44,1,0.6129595436594054,0.1927863854833696,1,0,0.135,0x7E,0x44,1,0x7E,0x44,1,1.045221037706314,0.3469780906032286,1,1,0.14,0x77,0x4E,0,0x77,0x44,0,0.7256987174070266,0.11233737980599694,0,0,0.075,0x7E,0x44,1,0x7E,0x44,1,1.0120778282217127,0.35726761661716105,1,1,0.285,0x7E,0x44,1,0x7E,0x44,1,1.0393373580152028,0.23758465900630943,1,1,0.125,0x7E,0x44,1,0x7E,0x44,1,0.9835035715143561,0.5445116374739472,1,1,0.2
17,train,25.0,E,0x7E,0x45,1,0x7E,0x45,1,0.5403549276955842,0.1927863854833696,1,0,0.02,0x7E,0x45,1,0x7E,0x45,1,0.8869936360379611,0.3469780906032286,1,1,0.035,0x74,0x45,0,0x74,0x45,0,0.4557062549068588,0.11233737980599694,0,0,0.015,0x7E,0x45,1,0x7E,0x45,1,0.7244589323626056,0.35726761661716105,1,0,0.34,0x7E,0x45,1,0x7E,0x45,1,0.8665461774541607,0.23758465900630943,1,1,0.02,0x7E,0x45,1,0x7E,0x45,1,0.9232621285560103,0.5445116374739472,1,1,0.12
18,test,25.0,H,0x7E,0x48,1,0x7E,0x48,1,0.4666909683527962,0.1927863854833696,1,0,-0.09,0x7E,0x48,1,0x7E,0x48,1,0.5833073805305549,0.3469780906032286,1,0,0.035,0x5E,0x49,0,0xFA,0x43,0,0.28224447065990343,0.11233737980599694,0,0,2.88,0x7D,0x48,0,0x53,0x4E,0,0.47268688511919144,0.35726761661716105,0,0,2.75,0x7E,0x48,1,0x7E,0x48,1,0.529626816968949,0.23758465900630943,1,0,0.025,0x7E,0x48,1,0x7E,0x48,1,0.8532080160673036,0.5445116374739472,1,1,0.08
19,train,10.0,A,0xEE,0x42,0,0x7E,0xAE,0,0.4381695807011058,0.1927863854833696,0,0,-2.65,0xEE,0x42,0,0xAE,0x17,0,0.38797454312722396,0.3469780906032286,0,0,-0.115,0x6E,0x13,0,0x65,0x9A,0,0.47464524000381964,0.11233737980599694,0,0,-2.5,0x6E,0x17,0,0x3D,0x2D,0,0.5935952762355494,0.35726761661716105,0,0,2.655,0xEE,0x42,0,0xDE,0xB6,0,0.46571592059825456,0.23758465900630943,0,0,2.715,0xEE,0x42,0,0x76,0xAE,0,0.3074248537452344,0.5445116374739472,0,0,-2.405
20,train,10.0,B,0x1B,0x4A,0,0xA6,0xDD,0,0.27345650340372935,0.1927863854833696,0,0,1.435,0x10,0xAA,0,0x56,0x4A,0,0.30210812133709264,0.3469780906032286,0,0,1.925,0x1E,0xAA,0,0x78,0xE0,0,0.31787902152865266,0.11233737980599694,0,0,-1.76,0x1E,0x4A,0,0x78,0xE9,0,0.40879232900775864,0.35726761661716105,0,0,-1.585,0x10,0xAA,0,0x56,0x4A,0,0.34176650878629256,0.23758465900630943,0,0,1.92,0xAA,0x4A,0,0x9B,0x2B,0,0.21135921194229218,0.5445116374739472,0,0,-1.07
21,train,10.0,C,0x7E,0x45,0,0x7E,0xA0,0,0.26835543353614005,0.1927863854833696,0,0,-0.875,0x75,0xA5,0,0x7E,0x90,0,0.3527949891441683,0.3469780906032286,0,0,-0.7,0x77,0x40,0,0x7E,0xC9,0,0.27714626995144137,0.11233737980599694,0,0,-0.85,0x75,0xA6,0,0x7E,0xCB,0,0.38002877200247404,0.35726761661716105,0,0,-0.665,0x75,0xA5,0,0x7E,0x90,0,0.411267821753576,0.23758465900630943,0,0,-0.7,0x75,0x47,0,0x4E,0x35,0,0.21570550443469783,0.5445116374739472,0,0,1.525
22,train,10.0,D,0x7E,0x2E,0,0x7E,0xAE,0,0.39637459444463663,0.1927863854833696,0,0,1.185,0x7E,0x46,0,0x7E,0x06,0,0.1641382461193172,0.3469780906032286,0,0,0.075,0x7B,0xDA,0,0x7E,0xFE,0,0.2563797082091538,0.11233737980599694,0,0,1.025,0x7E,0x7A,0,0x7E,0x6E,0,0.21389522535333289,0.35726761661716105,0,0,1.35,0x7E,0x08,0,0xEE,0xB6,0,0.14186086455051297,0.23758465900630943,0,0,0.945,0x7E,0x08,0,0x9E,0x28,0,0.3809402959418856,0.5445116374739472,0,0,-1.85
23,train,10.0,E,0x4E,0xD8,0,0xEE,0x41,0,0.28400036111569654,0.1927863854833696,0,0,1.455,0x4E,0xD8,0,0xB6,0x6C,0,0.23450185267491003,0.3469780906032286,0,0,-2.465,0x4E,0x9B,0,0xFE,0xDF,0,0.25678028571945605,0.11233737980599694,0,0,1.445,0x4E,0x9B,0,0xB6,0xBF,0,0.24263499676654293,0.35726761661716105,0,0,-2.385,0x4E,0xD8,0,0xB6,0x6C,0,0.3352163631888047,0.23758465900630943,0,0,-2.47,0x4E,0x98,0,0x7B,0x01,0,0.53790834343954,0.5445116374739472,0,0,2.835
24,test,10.0,I,0x7C,0x9C,0,0x74,0xD8,0,0.28753181738353684,0.1927863854833696,0,0,-1.99,0x7C,0x2C,0,0x7E,0x9C,0,0.1825208997826328,0.3469780906032286,0,0,0.275,0x7A,0x2C,0,0x78,0xAC,0,0.11662946163926244,0.11233737980599694,0,0,-1.425,0x7E,0x2C,0,0x7E,0x2C,0,0.20419856673815096,0.35726761661716105,0,0,0.085,0x7C,0x2C,0,0x70,0xA5,0,0.22780945304698602,0.23758465900630943,0,0,-0.99,0x7C,0x9C,0,0x7E,0x9C,0,0.5535423511783195,0.5445116374739472,0,0,0.25
25,train,1.0,A,0xDD,0x78,0,0x73,0xF4,0,0.46016998818633104,0.1927863854833696,0,0,2.435,0xDD,0x78,0,0x4E,0xD0,0,0.5654989405026659,0.3469780906032286,0,0,1.055,0x7E,0xF8,0,0x7E,0xAC,0,0.6956067855991477,0.11233737980599694,0,0,1.31,0x4D,0xB8,0,0x7E,0xF8,0,0.7378789897504063,0.35726761661716105,0,0,1.43,0xDD,0x78,0,0x4E,0xD0,0,0.6416865227510287,0.23758465900630943,0,0,1.025,0x5D,0x78,0,0x72,0xAD,0,0.41673538253727027,0.5445116374739472,0,0,2.47
26,train,1.0,B,0xFD,0x26,0,0xFD,0x26,0,0.47992880926816794,0.1927863854833696,0,0,0.025,0xF5,0x56,0,0x99,0xAE,0,0.5996617567432757,0.3469780906032286,0,0,1.63,0x28,0x39,0,0x79,0xA4,0,0.6689375534417707,0.11233737980599694,0,0,1.815,0x75,0x07,0,0x7D,0x27,0,0.8260920136342897,0.35726761661716105,0,0,-0.495,0xFD,0x56,0,0x90,0xA6,0,0.6152633386341478,0.23758465900630943,0,0,1.585,0xF7,0xF6,0,0x70,0x07,0,0.4601093336171808,0.5445116374739472,0,0,-0.725
27,train,1.0,C,0x97,0x59,0,0x76,0x00,0,0.4471889517820614,0.1927863854833696,0,0,2.425,0x97,0xE0,0,0xFE,0x38,0,0.761226527046681,0.3469780906032286,0,0,2.605,0x9E,0xE9,0,0xF4,0x33,0,0.5373226290790108,0.11233737980599694,0,0,2.62,0x9E,0x03,0,0xF4,0x30,0,0.7726451173415798,0.35726761661716105,0,0,2.645,0x97,0xE0,0,0xFE,0x38,0,0.7755219815683922,0.23758465900630943,0,0,2.605,0x97,0xE0,0,0x76,0x38,0,0.668510082698256,0.5445116374739472,0,0,2.655
28,train,1.0,D,0x7E,0x01,0,0xEE,0x3D,0,0.3950520943346407,0.1927863854833696,0,0,-1.77,0x0E,0x8D,0,0x9E,0xA8,0,0.6495028110766173,0.3469780906032286,0,0,0.115,0xEE,0xA8,0,0xB0,0x8E,0,0.5603980912948329,0.11233737980599694,0,0,3.0,0x7B,0x88,0,0xB3,0xAE,0,0.7065739048238527,0.35726761661716105,0,0,0.9,0x0E,0x8D,0,0x0E,0x8D,0,0.6550083827286273,0.23758465900630943,0,0,0.05,0x2D,0xD9,0,0x7D,0x49,0,0.5382521633085964,0.5445116374739472,0,0,0.32
29,train,1.0,E,0x4E,0x51,0,0xDE,0xD7,0,0.4771934214909235,0.1927863854833696,0,0,-2.535,0x4E,0x51,0,0x4E,0x96,0,0.7404509726168182,0.3469780906032286,0,0,-2.355,0xCC,0x1F,0,0x7E,0xDF,0,0.5725937871490335,0.11233737980599694,0,0,-2.29,0x2C,0x1C,0,0x25,0x9B,0,0.740672175273327,0.35726761661716105,0,0,-2.255,0x4E,0x51,0,0x4E,0x93,0,0.7392618134154394,0.23758465900630943,0,0,-2.365,0x4E,0xA8,0,0x7E,0x93,0,0.5920325144558165,0.5445116374739472,0,0,-2.345
30,test,1.0,J,0xDB,0x4D,0,0x7A,0x08,0,0.35533478590651374,0.1927863854833696,0,0,2.73,0xDB,0x68,0,0x76,0x53,0,0.6425322762793222,0.3469780906032286,0,0,2.96,0xB4,0xB0,0,0x7E,0x43,0,0.5084419507716682,0.11233737980599694,0,0,2.56,0x5E,0x64,0,0x73,0x56,0,0.6634926067526323,0.35726761661716105,0,0,2.77,0xDB,0x48,0,0x96,0x53,0,0.6884778552435162,0.23758465900630943,0,0,2.965,0xC2,0x7D,0,0x7A,0x00,0,0.3883429286007811,0.5445116374739472,0,0,2.905
