sequence,phase,scheme,repetition,duty_percent,duty_label,voltage_v,distance_m,hardware_note,payload_bits,coded_body_bits,frame_bits,bit_seconds,started_utc,finished_utc,duration_s,gap_after_s,target_pulse_us,pulse_count,late_starts,pulse_min_us,pulse_median_us,pulse_p95_us,pulse_max_us
1,short,uncoded,1,100,commanded 100%,11,3,l298n-current-bench-configuration-receiver-pin-restored,10001011100,10001011100,011111100111111010001011100,0.5,2026-07-28T00:43:04.097954Z,2026-07-28T00:43:17.598774Z,13.500693,15,62500.000,0,0,nan,nan,nan,nan
2,short,hamming15_11,1,100,commanded 100%,11,3,l298n-current-bench-configuration-receiver-pin-restored,10001011100,001000001011100,0111111001111110001000001011100,0.5,2026-07-28T00:43:32.605492Z,2026-07-28T00:43:48.106750Z,15.501150,15,62500.000,0,0,nan,nan,nan,nan
3,short,rs5_3,1,100,commanded 100%,11,3,l298n-current-bench-configuration-receiver-pin-restored,10001011100,1000101110000001110011111,01111110011111101000101110000001110011111,0.5,2026-07-28T00:44:03.113481Z,2026-07-28T00:44:23.614730Z,20.501151,15,62500.000,0,0,nan,nan,nan,nan
4,short,hamming15_11,1,50,commanded 50%,11,3,l298n-current-bench-configuration-receiver-pin-restored,10001011100,001000001011100,0111111001111110001000001011100,0.5,2026-07-28T00:44:38.621482Z,2026-07-28T00:44:54.122835Z,15.501149,15,31250.000,124,0,31577.056,31765.861,31784.858,31794.574
5,short,rs5_3,1,50,commanded 50%,11,3,l298n-current-bench-configuration-receiver-pin-restored,10001011100,1000101110000001110011111,01111110011111101000101110000001110011111,0.5,2026-07-28T00:45:09.130485Z,2026-07-28T00:45:29.631895Z,20.501197,15,31250.000,164,0,31409.537,31756.001,31776.241,31825.074
6,short,uncoded,1,50,commanded 50%,11,3,l298n-current-bench-configuration-receiver-pin-restored,10001011100,10001011100,011111100111111010001011100,0.5,2026-07-28T00:45:44.638482Z,2026-07-28T00:45:58.139801Z,13.501146,15,31250.000,108,0,31573.797,31757.740,31778.324,31791.185
7,short,rs5_3,1,25,commanded 25%,11,3,l298n-current-bench-configuration-receiver-pin-restored,10001011100,1000101110000001110011111,01111110011111101000101110000001110011111,0.5,2026-07-28T00:46:13.146484Z,2026-07-28T00:46:33.647850Z,20.501163,15,15625.000,164,0,15644.204,15766.083,15787.507,16632.408
8,short,uncoded,1,25,commanded 25%,11,3,l298n-current-bench-configuration-receiver-pin-restored,10001011100,10001011100,011111100111111010001011100,0.5,2026-07-28T00:46:48.654479Z,2026-07-28T00:47:02.155810Z,13.501160,15,15625.000,108,0,15643.592,15758.686,15777.303,16614.555
9,short,hamming15_11,1,25,commanded 25%,11,3,l298n-current-bench-configuration-receiver-pin-restored,10001011100,001000001011100,0111111001111110001000001011100,0.5,2026-07-28T00:47:17.161482Z,2026-07-28T00:47:32.662826Z,15.501159,15,15625.000,124,0,15643.907,15764.000,15785.672,16619.592
10,short,uncoded,1,10,commanded 10%,11,3,l298n-current-bench-configuration-receiver-pin-restored,10001011100,10001011100,011111100111111010001011100,0.5,2026-07-28T00:47:47.669480Z,2026-07-28T00:48:01.170849Z,13.501165,15,6250.000,108,0,6542.574,6756.899,6772.168,6780.204
11,short,hamming15_11,1,10,commanded 10%,11,3,l298n-current-bench-configuration-receiver-pin-restored,10001011100,001000001011100,0111111001111110001000001011100,0.5,2026-07-28T00:48:16.177479Z,2026-07-28T00:48:31.678829Z,15.501164,15,6250.000,124,0,6575.111,6756.573,6773.164,6785.407
12,short,rs5_3,1,10,commanded 10%,11,3,l298n-current-bench-configuration-receiver-pin-restored,10001011100,1000101110000001110011111,01111110011111101000101110000001110011111,0.5,2026-07-28T00:48:46.686491Z,2026-07-28T00:49:07.187850Z,20.501147,15,6250.000,164,0,6560.611,6763.362,6777.475,6786.334
13,short,hamming15_11,1,1,"commanded 1%, timing-limited",11,3,l298n-current-bench-configuration-receiver-pin-restored,10001011100,001000001011100,0111111001111110001000001011100,0.5,2026-07-28T00:49:22.194477Z,2026-07-28T00:49:37.695827Z,15.501174,15,625.000,124,62,648.352,762.685,777.939,1622.204
14,short,rs5_3,1,1,"commanded 1%, timing-limited",11,3,l298n-current-bench-configuration-receiver-pin-restored,10001011100,1000101110000001110011111,01111110011111101000101110000001110011111,0.5,2026-07-28T00:49:52.702481Z,2026-07-28T00:50:13.203837Z,20.501156,15,625.000,164,82,649.260,759.963,774.993,1633.500
15,short,uncoded,1,1,"commanded 1%, timing-limited",11,3,l298n-current-bench-configuration-receiver-pin-restored,10001011100,10001011100,011111100111111010001011100,0.5,2026-07-28T00:50:28.210482Z,2026-07-28T00:50:41.711820Z,13.501165,15,625.000,108,54,643.926,756.972,780.754,1636.537
16,short,hamming15_11,2,50,commanded 50%,11,3,l298n-current-bench-configuration-receiver-pin-restored,10001011100,001000001011100,0111111001111110001000001011100,0.5,2026-07-28T00:50:56.718481Z,2026-07-28T00:51:12.219806Z,15.501147,15,31250.000,124,0,31574.852,31755.417,31776.453,31791.593
17,short,rs5_3,2,50,commanded 50%,11,3,l298n-current-bench-configuration-receiver-pin-restored,10001011100,1000101110000001110011111,01111110011111101000101110000001110011111,0.5,2026-07-28T00:51:27.226486Z,2026-07-28T00:51:47.727848Z,20.501160,15,31250.000,164,0,31574.871,31763.630,31783.135,31791.129
18,short,uncoded,2,50,commanded 50%,11,3,l298n-current-bench-configuration-receiver-pin-restored,10001011100,10001011100,011111100111111010001011100,0.5,2026-07-28T00:52:02.734480Z,2026-07-28T00:52:16.235807Z,13.501153,15,31250.000,108,0,31578.055,31754.907,31772.829,31782.722
19,short,rs5_3,2,25,commanded 25%,11,3,l298n-current-bench-configuration-receiver-pin-restored,10001011100,1000101110000001110011111,01111110011111101000101110000001110011111,0.5,2026-07-28T00:52:31.242481Z,2026-07-28T00:52:51.743849Z,20.501160,15,15625.000,164,0,15642.445,15752.500,15776.536,16632.574
20,short,uncoded,2,25,commanded 25%,11,3,l298n-current-bench-configuration-receiver-pin-restored,10001011100,10001011100,011111100111111010001011100,0.5,2026-07-28T00:53:06.761485Z,2026-07-28T00:53:20.262818Z,13.501157,15,15625.000,108,0,15638.463,15762.167,15781.546,16620.111
21,short,hamming15_11,2,25,commanded 25%,11,3,l298n-current-bench-configuration-receiver-pin-restored,10001011100,001000001011100,0111111001111110001000001011100,0.5,2026-07-28T00:53:35.268484Z,2026-07-28T00:53:50.769818Z,15.501150,15,15625.000,124,0,15654.351,15754.685,15777.858,16634.944
22,short,uncoded,2,10,commanded 10%,11,3,l298n-current-bench-configuration-receiver-pin-restored,10001011100,10001011100,011111100111111010001011100,0.5,2026-07-28T00:54:05.776485Z,2026-07-28T00:54:19.277811Z,13.501153,15,6250.000,108,0,6386.296,6762.278,6777.796,6782.204
23,short,hamming15_11,2,10,commanded 10%,11,3,l298n-current-bench-configuration-receiver-pin-restored,10001011100,001000001011100,0111111001111110001000001011100,0.5,2026-07-28T00:54:34.283481Z,2026-07-28T00:54:49.784823Z,15.501159,15,6250.000,124,0,6440.741,6756.176,6777.385,6789.593
24,short,rs5_3,2,10,commanded 10%,11,3,l298n-current-bench-configuration-receiver-pin-restored,10001011100,1000101110000001110011111,01111110011111101000101110000001110011111,0.5,2026-07-28T00:55:04.792479Z,2026-07-28T00:55:25.293859Z,20.501174,15,6250.000,164,0,6531.482,6746.426,6772.516,6784.315
25,short,hamming15_11,2,1,"commanded 1%, timing-limited",11,3,l298n-current-bench-configuration-receiver-pin-restored,10001011100,001000001011100,0111111001111110001000001011100,0.5,2026-07-28T00:55:40.300483Z,2026-07-28T00:55:55.801834Z,15.501175,15,625.000,124,62,641.574,753.722,776.647,1622.204
26,short,rs5_3,2,1,"commanded 1%, timing-limited",11,3,l298n-current-bench-configuration-receiver-pin-restored,10001011100,1000101110000001110011111,01111110011111101000101110000001110011111,0.5,2026-07-28T00:56:10.808482Z,2026-07-28T00:56:31.309869Z,20.501174,15,625.000,164,82,636.815,756.194,776.632,1636.074
27,short,uncoded,2,1,"commanded 1%, timing-limited",11,3,l298n-current-bench-configuration-receiver-pin-restored,10001011100,10001011100,011111100111111010001011100,0.5,2026-07-28T00:56:46.316483Z,2026-07-28T00:56:59.817808Z,13.501152,15,625.000,108,54,637.963,758.916,780.944,1632.260
28,short,rs5_3,2,100,commanded 100%,11,3,l298n-current-bench-configuration-receiver-pin-restored,10001011100,1000101110000001110011111,01111110011111101000101110000001110011111,0.5,2026-07-28T00:57:14.824484Z,2026-07-28T00:57:35.325753Z,20.501163,15,62500.000,0,0,nan,nan,nan,nan
29,short,uncoded,2,100,commanded 100%,11,3,l298n-current-bench-configuration-receiver-pin-restored,10001011100,10001011100,011111100111111010001011100,0.5,2026-07-28T00:57:50.332480Z,2026-07-28T00:58:03.833751Z,13.501167,15,62500.000,0,0,nan,nan,nan,nan
30,short,hamming15_11,2,100,commanded 100%,11,3,l298n-current-bench-configuration-receiver-pin-restored,10001011100,001000001011100,0111111001111110001000001011100,0.5,2026-07-28T00:58:18.840482Z,2026-07-28T00:58:34.341758Z,15.501173,15,62500.000,0,0,nan,nan,nan,nan
31,short,rs5_3,3,25,commanded 25%,11,3,l298n-current-bench-configuration-receiver-pin-restored,10001011100,1000101110000001110011111,01111110011111101000101110000001110011111,0.5,2026-07-28T00:58:49.348485Z,2026-07-28T00:59:09.849896Z,20.501181,15,15625.000,164,0,15645.593,15755.241,15784.728,16616.722
32,short,uncoded,3,25,commanded 25%,11,3,l298n-current-bench-configuration-receiver-pin-restored,10001011100,10001011100,011111100111111010001011100,0.5,2026-07-28T00:59:24.856484Z,2026-07-28T00:59:38.357806Z,13.501151,15,15625.000,108,0,15646.703,15763.278,15777.511,16595.445
33,short,hamming15_11,3,25,commanded 25%,11,3,l298n-current-bench-configuration-receiver-pin-restored,10001011100,001000001011100,0111111001111110001000001011100,0.5,2026-07-28T00:59:53.363482Z,2026-07-28T01:00:08.864819Z,15.501151,15,15625.000,124,0,15648.111,15753.843,15777.590,16608.833
34,short,uncoded,3,10,commanded 10%,11,3,l298n-current-bench-configuration-receiver-pin-restored,10001011100,10001011100,011111100111111010001011100,0.5,2026-07-28T01:00:23.871483Z,2026-07-28T01:00:37.372804Z,13.501148,15,6250.000,108,0,6412.648,6765.195,6780.667,6789.871
35,short,hamming15_11,3,10,commanded 10%,11,3,l298n-current-bench-configuration-receiver-pin-restored,10001011100,001000001011100,0111111001111110001000001011100,0.5,2026-07-28T01:00:52.378482Z,2026-07-28T01:01:07.879821Z,15.501156,15,6250.000,124,0,6581.426,6756.075,6774.666,6780.241
36,short,rs5_3,3,10,commanded 10%,11,3,l298n-current-bench-configuration-receiver-pin-restored,10001011100,1000101110000001110011111,01111110011111101000101110000001110011111,0.5,2026-07-28T01:01:22.886485Z,2026-07-28T01:01:43.387852Z,20.501161,15,6250.000,164,0,6535.481,6763.806,6781.724,6795.759
37,short,hamming15_11,3,1,"commanded 1%, timing-limited",11,3,l298n-current-bench-configuration-receiver-pin-restored,10001011100,001000001011100,0111111001111110001000001011100,0.5,2026-07-28T01:01:58.394482Z,2026-07-28T01:02:13.895847Z,15.501183,15,625.000,124,62,652.000,761.417,775.382,1620.593
38,short,rs5_3,3,1,"commanded 1%, timing-limited",11,3,l298n-current-bench-configuration-receiver-pin-restored,10001011100,1000101110000001110011111,01111110011111101000101110000001110011111,0.5,2026-07-28T01:02:28.902481Z,2026-07-28T01:02:49.403857Z,20.501175,15,625.000,164,82,651.666,757.536,771.678,1625.204
39,short,uncoded,3,1,"commanded 1%, timing-limited",11,3,l298n-current-bench-configuration-receiver-pin-restored,10001011100,10001011100,011111100111111010001011100,0.5,2026-07-28T01:03:04.410484Z,2026-07-28T01:03:17.911821Z,13.501163,15,625.000,108,54,640.074,753.000,771.876,1592.686
40,short,rs5_3,3,100,commanded 100%,11,3,l298n-current-bench-configuration-receiver-pin-restored,10001011100,1000101110000001110011111,01111110011111101000101110000001110011111,0.5,2026-07-28T01:03:32.918480Z,2026-07-28T01:03:53.419746Z,20.501163,15,62500.000,0,0,nan,nan,nan,nan
41,short,uncoded,3,100,commanded 100%,11,3,l298n-current-bench-configuration-receiver-pin-restored,10001011100,10001011100,011111100111111010001011100,0.5,2026-07-28T01:04:08.426481Z,2026-07-28T01:04:21.927728Z,13.501146,15,62500.000,0,0,nan,nan,nan,nan
42,short,hamming15_11,3,100,commanded 100%,11,3,l298n-current-bench-configuration-receiver-pin-restored,10001011100,001000001011100,0111111001111110001000001011100,0.5,2026-07-28T01:04:36.934483Z,2026-07-28T01:04:52.435760Z,15.501176,15,62500.000,0,0,nan,nan,nan,nan
43,short,uncoded,3,50,commanded 50%,11,3,l298n-current-bench-configuration-receiver-pin-restored,10001011100,10001011100,011111100111111010001011100,0.5,2026-07-28T01:05:07.443484Z,2026-07-28T01:05:20.944843Z,13.501174,15,31250.000,108,0,31598.352,31757.028,31779.732,31791.777
44,short,hamming15_11,3,50,commanded 50%,11,3,l298n-current-bench-configuration-receiver-pin-restored,10001011100,001000001011100,0111111001111110001000001011100,0.5,2026-07-28T01:05:35.950484Z,2026-07-28T01:05:51.451823Z,15.501157,15,31250.000,124,0,31438.537,31757.547,31775.277,31778.926
45,short,rs5_3,3,50,commanded 50%,11,3,l298n-current-bench-configuration-receiver-pin-restored,10001011100,1000101110000001110011111,01111110011111101000101110000001110011111,0.5,2026-07-28T01:06:06.457479Z,2026-07-28T01:06:26.958849Z,20.501165,15,31250.000,164,0,31329.074,31752.759,31773.556,31787.111
46,short,uncoded,4,10,commanded 10%,11,3,l298n-current-bench-configuration-receiver-pin-restored,10001011100,10001011100,011111100111111010001011100,0.5,2026-07-28T01:06:41.965481Z,2026-07-28T01:06:55.466827Z,13.501172,15,6250.000,108,0,6570.130,6759.463,6779.739,6928.741
47,short,hamming15_11,4,10,commanded 10%,11,3,l298n-current-bench-configuration-receiver-pin-restored,10001011100,001000001011100,0111111001111110001000001011100,0.5,2026-07-28T01:07:10.474478Z,2026-07-28T01:07:25.975959Z,15.501289,15,6250.000,124,0,6425.667,6757.990,6773.220,6784.945
48,short,rs5_3,4,10,commanded 10%,11,3,l298n-current-bench-configuration-receiver-pin-restored,10001011100,1000101110000001110011111,01111110011111101000101110000001110011111,0.5,2026-07-28T01:07:40.982481Z,2026-07-28T01:08:01.483839Z,20.501153,15,6250.000,164,0,6578.185,6756.806,6772.473,6784.722
49,short,hamming15_11,4,1,"commanded 1%, timing-limited",11,3,l298n-current-bench-configuration-receiver-pin-restored,10001011100,001000001011100,0111111001111110001000001011100,0.5,2026-07-28T01:08:16.490482Z,2026-07-28T01:08:31.991817Z,15.501156,15,625.000,124,62,636.982,752.361,774.585,1633.852
50,short,rs5_3,4,1,"commanded 1%, timing-limited",11,3,l298n-current-bench-configuration-receiver-pin-restored,10001011100,1000101110000001110011111,01111110011111101000101110000001110011111,0.5,2026-07-28T01:08:46.998480Z,2026-07-28T01:09:07.499842Z,20.501160,15,625.000,164,82,648.278,755.334,787.119,1631.167
51,short,uncoded,4,1,"commanded 1%, timing-limited",11,3,l298n-current-bench-configuration-receiver-pin-restored,10001011100,10001011100,011111100111111010001011100,0.5,2026-07-28T01:09:22.506491Z,2026-07-28T01:09:36.007812Z,13.501145,15,625.000,108,54,657.741,763.741,778.893,1642.870
52,short,rs5_3,4,100,commanded 100%,11,3,l298n-current-bench-configuration-receiver-pin-restored,10001011100,1000101110000001110011111,01111110011111101000101110000001110011111,0.5,2026-07-28T01:09:51.014477Z,2026-07-28T01:10:11.515758Z,20.501178,15,62500.000,0,0,nan,nan,nan,nan
53,short,uncoded,4,100,commanded 100%,11,3,l298n-current-bench-configuration-receiver-pin-restored,10001011100,10001011100,011111100111111010001011100,0.5,2026-07-28T01:10:26.522484Z,2026-07-28T01:10:40.023734Z,13.501144,15,62500.000,0,0,nan,nan,nan,nan
54,short,hamming15_11,4,100,commanded 100%,11,3,l298n-current-bench-configuration-receiver-pin-restored,10001011100,001000001011100,0111111001111110001000001011100,0.5,2026-07-28T01:10:55.030485Z,2026-07-28T01:11:10.531739Z,15.501154,15,62500.000,0,0,nan,nan,nan,nan
55,short,uncoded,4,50,commanded 50%,11,3,l298n-current-bench-configuration-receiver-pin-restored,10001011100,10001011100,011111100111111010001011100,0.5,2026-07-28T01:11:25.538480Z,2026-07-28T01:11:39.039807Z,13.501142,15,31250.000,108,0,31571.518,31754.676,31777.503,31789.834
56,short,hamming15_11,4,50,commanded 50%,11,3,l298n-current-bench-configuration-receiver-pin-restored,10001011100,001000001011100,0111111001111110001000001011100,0.5,2026-07-28T01:11:54.047479Z,2026-07-28T01:12:09.548828Z,15.501168,15,31250.000,124,0,31414.815,31751.269,31773.638,31777.222
57,short,rs5_3,4,50,commanded 50%,11,3,l298n-current-bench-configuration-receiver-pin-restored,10001011100,1000101110000001110011111,01111110011111101000101110000001110011111,0.5,2026-07-28T01:12:24.556484Z,2026-07-28T01:12:45.057864Z,20.501172,15,31250.000,164,0,31563.556,31762.593,31783.359,31789.334
58,short,hamming15_11,4,25,commanded 25%,11,3,l298n-current-bench-configuration-receiver-pin-restored,10001011100,001000001011100,0111111001111110001000001011100,0.5,2026-07-28T01:13:00.065484Z,2026-07-28T01:13:15.566834Z,15.501168,15,15625.000,124,0,15646.370,15754.750,15781.748,16623.981
59,short,rs5_3,4,25,commanded 25%,11,3,l298n-current-bench-configuration-receiver-pin-restored,10001011100,1000101110000001110011111,01111110011111101000101110000001110011111,0.5,2026-07-28T01:13:30.573479Z,2026-07-28T01:13:51.074848Z,20.501164,15,15625.000,164,0,15645.963,15755.565,15777.799,16625.982
60,short,uncoded,4,25,commanded 25%,11,3,l298n-current-bench-configuration-receiver-pin-restored,10001011100,10001011100,011111100111111010001011100,0.5,2026-07-28T01:14:06.081483Z,2026-07-28T01:14:19.582867Z,13.501207,15,15625.000,108,0,15647.814,15764.722,15780.207,16621.759
61,short,hamming15_11,5,1,"commanded 1%, timing-limited",11,3,l298n-current-bench-configuration-receiver-pin-restored,10001011100,001000001011100,0111111001111110001000001011100,0.5,2026-07-28T01:14:34.589478Z,2026-07-28T01:14:50.090827Z,15.501164,15,625.000,124,62,643.963,762.379,776.592,1599.982
62,short,rs5_3,5,1,"commanded 1%, timing-limited",11,3,l298n-current-bench-configuration-receiver-pin-restored,10001011100,1000101110000001110011111,01111110011111101000101110000001110011111,0.5,2026-07-28T01:15:05.097478Z,2026-07-28T01:15:25.598843Z,20.501164,15,625.000,164,83,650.148,760.212,776.097,1630.889
63,short,uncoded,5,1,"commanded 1%, timing-limited",11,3,l298n-current-bench-configuration-receiver-pin-restored,10001011100,10001011100,011111100111111010001011100,0.5,2026-07-28T01:15:40.605482Z,2026-07-28T01:15:54.106821Z,13.501168,15,625.000,108,54,633.907,755.379,773.212,1615.981
64,short,rs5_3,5,100,commanded 100%,11,3,l298n-current-bench-configuration-receiver-pin-restored,10001011100,1000101110000001110011111,01111110011111101000101110000001110011111,0.5,2026-07-28T01:16:09.113483Z,2026-07-28T01:16:29.614800Z,20.501217,15,62500.000,0,0,nan,nan,nan,nan
65,short,uncoded,5,100,commanded 100%,11,3,l298n-current-bench-configuration-receiver-pin-restored,10001011100,10001011100,011111100111111010001011100,0.5,2026-07-28T01:16:44.621483Z,2026-07-28T01:16:58.122726Z,13.501143,15,62500.000,0,0,nan,nan,nan,nan
66,short,hamming15_11,5,100,commanded 100%,11,3,l298n-current-bench-configuration-receiver-pin-restored,10001011100,001000001011100,0111111001111110001000001011100,0.5,2026-07-28T01:17:13.129479Z,2026-07-28T01:17:28.630747Z,15.501167,15,62500.000,0,0,nan,nan,nan,nan
67,short,uncoded,5,50,commanded 50%,11,3,l298n-current-bench-configuration-receiver-pin-restored,10001011100,10001011100,011111100111111010001011100,0.5,2026-07-28T01:17:43.636485Z,2026-07-28T01:17:57.137889Z,13.501212,15,31250.000,108,0,31550.259,31760.370,31780.239,31788.834
68,short,hamming15_11,5,50,commanded 50%,11,3,l298n-current-bench-configuration-receiver-pin-restored,10001011100,001000001011100,0111111001111110001000001011100,0.5,2026-07-28T01:18:12.144488Z,2026-07-28T01:18:27.645829Z,15.501149,15,31250.000,124,0,31564.648,31755.204,31774.350,31782.278
69,short,rs5_3,5,50,commanded 50%,11,3,l298n-current-bench-configuration-receiver-pin-restored,10001011100,1000101110000001110011111,01111110011111101000101110000001110011111,0.5,2026-07-28T01:18:42.652484Z,2026-07-28T01:19:03.153857Z,20.501164,15,31250.000,164,0,31581.130,31755.259,31774.009,31788.333
70,short,hamming15_11,5,25,commanded 25%,11,3,l298n-current-bench-configuration-receiver-pin-restored,10001011100,001000001011100,0111111001111110001000001011100,0.5,2026-07-28T01:19:18.160481Z,2026-07-28T01:19:33.661833Z,15.501171,15,15625.000,124,0,15641.000,15755.639,16450.933,16635.074
71,short,rs5_3,5,25,commanded 25%,11,3,l298n-current-bench-configuration-receiver-pin-restored,10001011100,1000101110000001110011111,01111110011111101000101110000001110011111,0.5,2026-07-28T01:19:48.668480Z,2026-07-28T01:20:09.169836Z,20.501155,15,15625.000,164,0,15640.112,15756.732,15779.737,16630.945
72,short,uncoded,5,25,commanded 25%,11,3,l298n-current-bench-configuration-receiver-pin-restored,10001011100,10001011100,011111100111111010001011100,0.5,2026-07-28T01:20:24.176484Z,2026-07-28T01:20:37.677824Z,13.501167,15,15625.000,108,0,15641.889,15763.500,15785.640,16630.519
73,short,rs5_3,5,10,commanded 10%,11,3,l298n-current-bench-configuration-receiver-pin-restored,10001011100,1000101110000001110011111,01111110011111101000101110000001110011111,0.5,2026-07-28T01:20:52.684480Z,2026-07-28T01:21:13.185844Z,20.501162,15,6250.000,164,0,6576.037,6757.315,6775.784,6784.278
74,short,uncoded,5,10,commanded 10%,11,3,l298n-current-bench-configuration-receiver-pin-restored,10001011100,10001011100,011111100111111010001011100,0.5,2026-07-28T01:21:28.192480Z,2026-07-28T01:21:41.693813Z,13.501159,15,6250.000,108,0,6583.075,6747.880,6777.309,6788.149
75,short,hamming15_11,5,10,commanded 10%,11,3,l298n-current-bench-configuration-receiver-pin-restored,10001011100,001000001011100,0111111001111110001000001011100,0.5,2026-07-28T01:21:56.700484Z,2026-07-28T01:22:12.201827Z,15.501152,15,6250.000,124,0,6450.703,6759.491,6774.541,6779.278
76,final,rs12_6,1,100,commanded 100%,11,3,l298n-current-bench-configuration-receiver-pin-restored,100010111000010010100111011111,100010111000010010100111011111000011100001001010001010001001,0111111001111110100010111000010010100111011111000011100001001010001010001001,0.5,2026-07-28T01:22:27.208487Z,2026-07-28T01:23:05.209759Z,38.001170,15,62500.000,0,0,nan,nan,nan,nan
77,final,rs12_6,1,50,commanded 50%,11,3,l298n-current-bench-configuration-receiver-pin-restored,100010111000010010100111011111,100010111000010010100111011111000011100001001010001010001001,0111111001111110100010111000010010100111011111000011100001001010001010001001,0.5,2026-07-28T01:23:20.216486Z,2026-07-28T01:23:58.217930Z,38.001152,15,31250.000,304,0,31567.723,31762.203,31783.473,31807.389
78,final,rs12_6,1,25,commanded 25%,11,3,l298n-current-bench-configuration-receiver-pin-restored,100010111000010010100111011111,100010111000010010100111011111000011100001001010001010001001,0111111001111110100010111000010010100111011111000011100001001010001010001001,0.5,2026-07-28T01:24:13.224480Z,2026-07-28T01:24:51.225932Z,38.001175,15,15625.000,304,0,15640.574,15761.176,15778.618,16634.148
79,final,rs12_6,1,10,commanded 10%,11,3,l298n-current-bench-configuration-receiver-pin-restored,100010111000010010100111011111,100010111000010010100111011111000011100001001010001010001001,0111111001111110100010111000010010100111011111000011100001001010001010001001,0.5,2026-07-28T01:25:06.232480Z,2026-07-28T01:25:44.233933Z,38.001175,15,6250.000,304,0,6425.834,6753.481,6773.926,6787.166
80,final,rs12_6,1,1,"commanded 1%, timing-limited",11,3,l298n-current-bench-configuration-receiver-pin-restored,100010111000010010100111011111,100010111000010010100111011111000011100001001010001010001001,0111111001111110100010111000010010100111011111000011100001001010001010001001,0.5,2026-07-28T01:25:59.240481Z,2026-07-28T01:26:37.241936Z,38.001178,15,625.000,304,152,638.500,755.722,775.202,1634.371
81,final,rs12_6,2,50,commanded 50%,11,3,l298n-current-bench-configuration-receiver-pin-restored,100010111000010010100111011111,100010111000010010100111011111000011100001001010001010001001,0111111001111110100010111000010010100111011111000011100001001010001010001001,0.5,2026-07-28T01:26:52.248488Z,2026-07-28T01:27:30.249951Z,38.001179,15,31250.000,304,0,31568.074,31755.222,31780.179,32268.055
82,final,rs12_6,2,25,commanded 25%,11,3,l298n-current-bench-configuration-receiver-pin-restored,100010111000010010100111011111,100010111000010010100111011111000011100001001010001010001001,0111111001111110100010111000010010100111011111000011100001001010001010001001,0.5,2026-07-28T01:27:45.256486Z,2026-07-28T01:28:23.257934Z,38.001167,15,15625.000,304,0,15649.944,15761.972,15782.301,16620.037
83,final,rs12_6,2,10,commanded 10%,11,3,l298n-current-bench-configuration-receiver-pin-restored,100010111000010010100111011111,100010111000010010100111011111000011100001001010001010001001,0111111001111110100010111000010010100111011111000011100001001010001010001001,0.5,2026-07-28T01:28:38.264480Z,2026-07-28T01:29:16.265956Z,38.001177,15,6250.000,304,0,6403.629,6756.796,6775.043,6782.963
84,final,rs12_6,2,1,"commanded 1%, timing-limited",11,3,l298n-current-bench-configuration-receiver-pin-restored,100010111000010010100111011111,100010111000010010100111011111000011100001001010001010001001,0111111001111110100010111000010010100111011111000011100001001010001010001001,0.5,2026-07-28T01:29:31.272479Z,2026-07-28T01:30:09.273932Z,38.001175,15,625.000,304,152,637.259,759.972,775.680,1622.037
85,final,rs12_6,2,100,commanded 100%,11,3,l298n-current-bench-configuration-receiver-pin-restored,100010111000010010100111011111,100010111000010010100111011111000011100001001010001010001001,0111111001111110100010111000010010100111011111000011100001001010001010001001,0.5,2026-07-28T01:30:24.280487Z,2026-07-28T01:31:02.281773Z,38.001181,15,62500.000,0,0,nan,nan,nan,nan
86,final,rs12_6,3,25,commanded 25%,11,3,l298n-current-bench-configuration-receiver-pin-restored,100010111000010010100111011111,100010111000010010100111011111000011100001001010001010001001,0111111001111110100010111000010010100111011111000011100001001010001010001001,0.5,2026-07-28T01:31:17.288478Z,2026-07-28T01:31:55.289932Z,38.001150,15,15625.000,304,0,15643.537,15751.537,15779.838,16629.223
87,final,rs12_6,3,10,commanded 10%,11,3,l298n-current-bench-configuration-receiver-pin-restored,100010111000010010100111011111,100010111000010010100111011111000011100001001010001010001001,0111111001111110100010111000010010100111011111000011100001001010001010001001,0.5,2026-07-28T01:32:10.296485Z,2026-07-28T01:32:48.297946Z,38.001177,15,6250.000,304,0,6568.055,6764.028,6780.141,6789.334
88,final,rs12_6,3,1,"commanded 1%, timing-limited",11,3,l298n-current-bench-configuration-receiver-pin-restored,100010111000010010100111011111,100010111000010010100111011111000011100001001010001010001001,0111111001111110100010111000010010100111011111000011100001001010001010001001,0.5,2026-07-28T01:33:03.305488Z,2026-07-28T01:33:41.306944Z,38.001175,15,625.000,304,152,636.815,756.001,775.800,1627.630
89,final,rs12_6,3,100,commanded 100%,11,3,l298n-current-bench-configuration-receiver-pin-restored,100010111000010010100111011111,100010111000010010100111011111000011100001001010001010001001,0111111001111110100010111000010010100111011111000011100001001010001010001001,0.5,2026-07-28T01:33:56.313479Z,2026-07-28T01:34:34.314854Z,38.001269,15,62500.000,0,0,nan,nan,nan,nan
90,final,rs12_6,3,50,commanded 50%,11,3,l298n-current-bench-configuration-receiver-pin-restored,100010111000010010100111011111,100010111000010010100111011111000011100001001010001010001001,0111111001111110100010111000010010100111011111000011100001001010001010001001,0.5,2026-07-28T01:34:49.321484Z,2026-07-28T01:35:27.322949Z,38.001165,15,31250.000,304,0,31559.963,31762.796,31781.951,31792.889
91,final,rs12_6,4,10,commanded 10%,11,3,l298n-current-bench-configuration-receiver-pin-restored,100010111000010010100111011111,100010111000010010100111011111000011100001001010001010001001,0111111001111110100010111000010010100111011111000011100001001010001010001001,0.5,2026-07-28T01:35:42.330492Z,2026-07-28T01:36:20.331954Z,38.001175,15,6250.000,304,0,6556.537,6756.352,6775.313,6785.203
92,final,rs12_6,4,1,"commanded 1%, timing-limited",11,3,l298n-current-bench-configuration-receiver-pin-restored,100010111000010010100111011111,100010111000010010100111011111000011100001001010001010001001,0111111001111110100010111000010010100111011111000011100001001010001010001001,0.5,2026-07-28T01:36:35.339479Z,2026-07-28T01:37:13.340944Z,38.001178,15,625.000,304,152,646.815,761.861,778.328,1630.556
93,final,rs12_6,4,100,commanded 100%,11,3,l298n-current-bench-configuration-receiver-pin-restored,100010111000010010100111011111,100010111000010010100111011111000011100001001010001010001001,0111111001111110100010111000010010100111011111000011100001001010001010001001,0.5,2026-07-28T01:37:28.348484Z,2026-07-28T01:38:06.349761Z,38.001176,15,62500.000,0,0,nan,nan,nan,nan
94,final,rs12_6,4,50,commanded 50%,11,3,l298n-current-bench-configuration-receiver-pin-restored,100010111000010010100111011111,100010111000010010100111011111000011100001001010001010001001,0111111001111110100010111000010010100111011111000011100001001010001010001001,0.5,2026-07-28T01:38:21.358482Z,2026-07-28T01:38:59.359934Z,38.001155,15,31250.000,304,0,31558.167,31755.213,31775.736,31790.482
95,final,rs12_6,4,25,commanded 25%,11,3,l298n-current-bench-configuration-receiver-pin-restored,100010111000010010100111011111,100010111000010010100111011111000011100001001010001010001001,0111111001111110100010111000010010100111011111000011100001001010001010001001,0.5,2026-07-28T01:39:14.366486Z,2026-07-28T01:39:52.367940Z,38.001168,15,15625.000,304,0,15642.723,15764.380,15781.951,16620.074
96,final,rs12_6,5,1,"commanded 1%, timing-limited",11,3,l298n-current-bench-configuration-receiver-pin-restored,100010111000010010100111011111,100010111000010010100111011111000011100001001010001010001001,0111111001111110100010111000010010100111011111000011100001001010001010001001,0.5,2026-07-28T01:40:07.374480Z,2026-07-28T01:40:45.375941Z,38.001181,15,625.000,304,152,641.852,762.491,777.083,1623.426
97,final,rs12_6,5,100,commanded 100%,11,3,l298n-current-bench-configuration-receiver-pin-restored,100010111000010010100111011111,100010111000010010100111011111000011100001001010001010001001,0111111001111110100010111000010010100111011111000011100001001010001010001001,0.5,2026-07-28T01:41:00.382481Z,2026-07-28T01:41:38.383768Z,38.001184,15,62500.000,0,0,nan,nan,nan,nan
98,final,rs12_6,5,50,commanded 50%,11,3,l298n-current-bench-configuration-receiver-pin-restored,100010111000010010100111011111,100010111000010010100111011111000011100001001010001010001001,0111111001111110100010111000010010100111011111000011100001001010001010001001,0.5,2026-07-28T01:41:53.390481Z,2026-07-28T01:42:31.391944Z,38.001170,15,31250.000,304,0,31563.445,31758.759,31775.046,31787.778
99,final,rs12_6,5,25,commanded 25%,11,3,l298n-current-bench-configuration-receiver-pin-restored,100010111000010010100111011111,100010111000010010100111011111000011100001001010001010001001,0111111001111110100010111000010010100111011111000011100001001010001010001001,0.5,2026-07-28T01:42:46.398480Z,2026-07-28T01:43:24.399955Z,38.001191,15,15625.000,304,0,15641.963,15756.055,15780.704,16637.518
100,final,rs12_6,5,10,commanded 10%,11,3,l298n-current-bench-configuration-receiver-pin-restored,100010111000010010100111011111,100010111000010010100111011111000011100001001010001010001001,0111111001111110100010111000010010100111011111000011100001001010001010001001,0.5,2026-07-28T01:43:39.406484Z,2026-07-28T01:44:17.407945Z,38.001178,15,6250.000,304,0,6559.703,6763.361,6780.942,6792.444
